id,form,section,subscale,text_tr,type,options_tr,reverse_scored,scoring_key,weight,notes
S1_BF_E1,S1_self,BigFive,E,Sosyal ortamlarda enerji toplarım.,Likert5,Kesinlikle Katılmıyorum|Katılmıyorum|Kararsızım|Katılıyorum|Kesinlikle Katılıyorum,0,,1.0,
S1_BF_E2,S1_self,BigFive,E,Yeni insanlarla tanışmak beni heyecanlandırır.,Likert5,Kesinlikle Katılmıyorum|Katılmıyorum|Kararsızım|Katılıyorum|Kesinlikle Katılıyorum,0,,1.0,
S1_BF_E3,S1_self,BigFive,E,Kalabalık etkinlikler beni yorar.,Likert5,Kesinlikle Katılmıyorum|Katılmıyorum|Kararsızım|Katılıyorum|Kesinlikle Katılıyorum,1,,1.0,
S1_BF_E4,S1_self,BigFive,E,Topluluk önünde konuşmaktan keyif alırım.,Likert5,Kesinlikle Katılmıyorum|Katılmıyorum|Kararsızım|Katılıyorum|Kesinlikle Katılıyorum,0,,1.0,
S1_BF_A1,S1_self,BigFive,A,İnsanların bakış açısını anlamaya çalışırım.,Likert5,Kesinlikle Katılmıyorum|Katılmıyorum|Kararsızım|Katılıyorum|Kesinlikle Katılıyorum,0,,1.0,
S1_BF_A2,S1_self,BigFive,A,Anlaşmazlıklarda empati kurarım.,Likert5,Kesinlikle Katılmıyorum|Katılmıyorum|Kararsızım|Katılıyorum|Kesinlikle Katılıyorum,0,,1.0,
S1_BF_A3,S1_self,BigFive,A,Eleştirirken sözlerimi özenle seçerim.,Likert5,Kesinlikle Katılmıyorum|Katılmıyorum|Kararsızım|Katılıyorum|Kesinlikle Katılıyorum,0,,1.0,
S1_BF_A4,S1_self,BigFive,A,Kendi ihtiyaçlarımı her zaman öne koyarım.,Likert5,Kesinlikle Katılmıyorum|Katılmıyorum|Kararsızım|Katılıyorum|Kesinlikle Katılıyorum,1,,1.0,
S1_BF_C1,S1_self,BigFive,C,Planları önceden yapar ve takip ederim.,Likert5,Kesinlikle Katılmıyorum|Katılmıyorum|Kararsızım|Katılıyorum|Kesinlikle Katılıyorum,0,,1.0,
S1_BF_C2,S1_self,BigFive,C,Detayları gözden kaçırmam.,Likert5,Kesinlikle Katılmıyorum|Katılmıyorum|Kararsızım|Katılıyorum|Kesinlikle Katılıyorum,0,,1.0,
S1_BF_C3,S1_self,BigFive,C,Son dakika işleri severim.,Likert5,Kesinlikle Katılmıyorum|Katılmıyorum|Kararsızım|Katılıyorum|Kesinlikle Katılıyorum,1,,1.0,
S1_BF_C4,S1_self,BigFive,C,Söz verdiğim işi vaktinde bitiririm.,Likert5,Kesinlikle Katılmıyorum|Katılmıyorum|Kararsızım|Katılıyorum|Kesinlikle Katılıyorum,0,,1.0,
S1_BF_N1,S1_self,BigFive,N,Stresliyken kolayca gerginleşirim.,Likert5,Kesinlikle Katılmıyorum|Katılmıyorum|Kararsızım|Katılıyorum|Kesinlikle Katılıyorum,0,,1.0,
S1_BF_N2,S1_self,BigFive,N,Eleştirilere karşı hassasım.,Likert5,Kesinlikle Katılmıyorum|Katılmıyorum|Kararsızım|Katılıyorum|Kesinlikle Katılıyorum,0,,1.0,
S1_BF_N3,S1_self,BigFive,N,Zor durumda soğukkanlı kalırım.,Likert5,Kesinlikle Katılmıyorum|Katılmıyorum|Kararsızım|Katılıyorum|Kesinlikle Katılıyorum,1,,1.0,
S1_BF_N4,S1_self,BigFive,N,Gelecek hakkında sık endişe duyarım.,Likert5,Kesinlikle Katılmıyorum|Katılmıyorum|Kararsızım|Katılıyorum|Kesinlikle Katılıyorum,0,,1.0,
S1_BF_O1,S1_self,BigFive,O,Yeni fikir ve deneyimlere açığım.,Likert5,Kesinlikle Katılmıyorum|Katılmıyorum|Kararsızım|Katılıyorum|Kesinlikle Katılıyorum,0,,1.0,
S1_BF_O2,S1_self,BigFive,O,Rutini kırmayı severim.,Likert5,Kesinlikle Katılmıyorum|Katılmıyorum|Kararsızım|Katılıyorum|Kesinlikle Katılıyorum,0,,1.0,
S1_BF_O3,S1_self,BigFive,O,Alışılmış yöntemler dışına çıkmam.,Likert5,Kesinlikle Katılmıyorum|Katılmıyorum|Kararsızım|Katılıyorum|Kesinlikle Katılıyorum,1,,1.0,
S1_BF_O4,S1_self,BigFive,O,Sanat/yaratıcılık içeren şeylerden keyif alırım.,Likert5,Kesinlikle Katılmıyorum|Katılmıyorum|Kararsızım|Katılıyorum|Kesinlikle Katılıyorum,0,,1.0,
S1_MB_EI1,S1_self,MBTI,EI,Uzun günün sonunda insanlarla vakit geçirerek toparlarım.,Likert5,Kesinlikle Katılmıyorum|Katılmıyorum|Kararsızım|Katılıyorum|Kesinlikle Katılıyorum,0,,1.0,
S1_MB_EI2,S1_self,MBTI,EI,Kalabalık yerine yalnız kalarak enerji toplarım.,Likert5,Kesinlikle Katılmıyorum|Katılmıyorum|Kararsızım|Katılıyorum|Kesinlikle Katılıyorum,1,,1.0,
S1_MB_EI3,S1_self,MBTI,EI,Yeni ortamlarda hızlıca kaynaşırım.,Likert5,Kesinlikle Katılmıyorum|Katılmıyorum|Kararsızım|Katılıyorum|Kesinlikle Katılıyorum,0,,1.0,
S1_MB_EI4,S1_self,MBTI,EI,Sessizce gözlemlemeyi tercih ederim.,Likert5,Kesinlikle Katılmıyorum|Katılmıyorum|Kararsızım|Katılıyorum|Kesinlikle Katılıyorum,1,,1.0,
S1_MB_SN1,S1_self,MBTI,SN,Somut veri ve kanıtlara öncelik veririm.,Likert5,Kesinlikle Katılmıyorum|Katılmıyorum|Kararsızım|Katılıyorum|Kesinlikle Katılıyorum,0,,1.0,
S1_MB_SN2,S1_self,MBTI,SN,Gelecek olasılıklarını konuşmayı severim.,Likert5,Kesinlikle Katılmıyorum|Katılmıyorum|Kararsızım|Katılıyorum|Kesinlikle Katılıyorum,1,,1.0,
S1_MB_SN3,S1_self,MBTI,SN,Mevcut gerçeklere dayanırım.,Likert5,Kesinlikle Katılmıyorum|Katılmıyorum|Kararsızım|Katılıyorum|Kesinlikle Katılıyorum,0,,1.0,
S1_MB_SN4,S1_self,MBTI,SN,Soyut kavramlar bana daha çekicidir.,Likert5,Kesinlikle Katılmıyorum|Katılmıyorum|Kararsızım|Katılıyorum|Kesinlikle Katılıyorum,1,,1.0,
S1_MB_TF1,S1_self,MBTI,TF,Karar verirken mantık/tutarlılık benim için önceliklidir.,Likert5,Kesinlikle Katılmıyorum|Katılmıyorum|Kararsızım|Katılıyorum|Kesinlikle Katılıyorum,0,,1.0,
S1_MB_TF2,S1_self,MBTI,TF,Karar verirken duygusal etkiyi gözetirim.,Likert5,Kesinlikle Katılmıyorum|Katılmıyorum|Kararsızım|Katılıyorum|Kesinlikle Katılıyorum,1,,1.0,
S1_MB_TF3,S1_self,MBTI,TF,Geri bildirimde net/doğrudan olurum.,Likert5,Kesinlikle Katılmıyorum|Katılmıyorum|Kararsızım|Katılıyorum|Kesinlikle Katılıyorum,0,,1.0,
S1_MB_TF4,S1_self,MBTI,TF,Geri bildirimde karşı tarafın hissini gözetirim.,Likert5,Kesinlikle Katılmıyorum|Katılmıyorum|Kararsızım|Katılıyorum|Kesinlikle Katılıyorum,1,,1.0,
S1_MB_JP1,S1_self,MBTI,JP,Planlı ve takvimli ilerlemeyi severim.,Likert5,Kesinlikle Katılmıyorum|Katılmıyorum|Kararsızım|Katılıyorum|Kesinlikle Katılıyorum,0,,1.0,
S1_MB_JP2,S1_self,MBTI,JP,Seçenekleri açık tutmayı severim.,Likert5,Kesinlikle Katılmıyorum|Katılmıyorum|Kararsızım|Katılıyorum|Kesinlikle Katılıyorum,1,,1.0,
S1_MB_JP3,S1_self,MBTI,JP,Belirsizlikten hoşlanmam.,Likert5,Kesinlikle Katılmıyorum|Katılmıyorum|Kararsızım|Katılıyorum|Kesinlikle Katılıyorum,0,,1.0,
S1_MB_JP4,S1_self,MBTI,JP,Akışına bırakmak bana iyi gelir.,Likert5,Kesinlikle Katılmıyorum|Katılmıyorum|Kararsızım|Katılıyorum|Kesinlikle Katılıyorum,1,,1.0,
S1_AT_1,S1_self,Attachment,ANX,Partnerim geç yanıt verdiğinde huzursuz olurum.,Likert5,Kesinlikle Katılmıyorum|Katılmıyorum|Kararsızım|Katılıyorum|Kesinlikle Katılıyorum,0,,1.0,
S1_AT_2,S1_self,Attachment,ANX,İlişkide sık sık güvence ihtiyacı hissederim.,Likert5,Kesinlikle Katılmıyorum|Katılmıyorum|Kararsızım|Katılıyorum|Kesinlikle Katılıyorum,0,,1.0,
S1_AT_3,S1_self,Attachment,AVO,Duygularımı paylaşmakta zorlanırım.,Likert5,Kesinlikle Katılmıyorum|Katılmıyorum|Kararsızım|Katılıyorum|Kesinlikle Katılıyorum,0,,1.0,
S1_AT_4,S1_self,Attachment,AVO,Yakınlıktan sonra bir süre geri çekilirim.,Likert5,Kesinlikle Katılmıyorum|Katılmıyorum|Kararsızım|Katılıyorum|Kesinlikle Katılıyorum,0,,1.0,
S1_AT_5,S1_self,Attachment,SEC,Zor anlarda destek istemekte rahatımdır.,Likert5,Kesinlikle Katılmıyorum|Katılmıyorum|Kararsızım|Katılıyorum|Kesinlikle Katılıyorum,1,,1.0,
S1_AT_6,S1_self,Attachment,SEC,Yakın ilişkilerde sınırları saygıyla korurum.,Likert5,Kesinlikle Katılmıyorum|Katılmıyorum|Kararsızım|Katılıyorum|Kesinlikle Katılıyorum,1,,1.0,
S1_AT_7,S1_self,Attachment,ANX,Terk edilme kaygısı ara sıra aklıma gelir.,Likert5,Kesinlikle Katılmıyorum|Katılmıyorum|Kararsızım|Katılıyorum|Kesinlikle Katılıyorum,0,,1.0,
S1_AT_8,S1_self,Attachment,AVO,İlişkide bağımsızlık alanımın korunması benim için çok önemlidir.,Likert5,Kesinlikle Katılmıyorum|Katılmıyorum|Kararsızım|Katılıyorum|Kesinlikle Katılıyorum,0,,1.0,
S1_CF_1,S1_self,Conflict,COMPETE,"Anlaşmazlıkta iddialı tavır alırım, geri çekilmem.",Likert5,Kesinlikle Katılmıyorum|Katılmıyorum|Kararsızım|Katılıyorum|Kesinlikle Katılıyorum,0,,1.0,
S1_CF_2,S1_self,Conflict,COLLAB,İki tarafın da kazanacağı çözümleri ararım.,Likert5,Kesinlikle Katılmıyorum|Katılmıyorum|Kararsızım|Katılıyorum|Kesinlikle Katılıyorum,0,,1.0,
S1_CF_3,S1_self,Conflict,COMPROM,Hızlı çözüm için orta yol öneririm.,Likert5,Kesinlikle Katılmıyorum|Katılmıyorum|Kararsızım|Katılıyorum|Kesinlikle Katılıyorum,0,,1.0,
S1_CF_4,S1_self,Conflict,AVOID,Gerilim çıktığında konuyu ertelemeyi seçerim.,Likert5,Kesinlikle Katılmıyorum|Katılmıyorum|Kararsızım|Katılıyorum|Kesinlikle Katılıyorum,0,,1.0,
S1_CF_5,S1_self,Conflict,ACCOM,Karşı tarafı kırmamak için kendi isteğimden vazgeçerim.,Likert5,Kesinlikle Katılmıyorum|Katılmıyorum|Kararsızım|Katılıyorum|Kesinlikle Katılıyorum,0,,1.0,
S1_CF_6,S1_self,Conflict,COLLAB,Ortak zemini bulmak için aktif soru sorarım.,Likert5,Kesinlikle Katılmıyorum|Katılmıyorum|Kararsızım|Katılıyorum|Kesinlikle Katılıyorum,0,,1.0,
S1_CF_7,S1_self,Conflict,COMPETE,Kendi hedeflerimi savunmada kararlıyımdır.,Likert5,Kesinlikle Katılmıyorum|Katılmıyorum|Kararsızım|Katılıyorum|Kesinlikle Katılıyorum,0,,1.0,
S1_CF_8,S1_self,Conflict,AVOID,Tartışma açmaktansa susmayı seçerim.,Likert5,Kesinlikle Katılmıyorum|Katılmıyorum|Kararsızım|Katılıyorum|Kesinlikle Katılıyorum,0,,1.0,
S1_DISC_D1,S1_self,DISC,D,Baskı altında hızlı karar veririm.,Likert5,Kesinlikle Katılmıyorum|Katılmıyorum|Kararsızım|Katılıyorum|Kesinlikle Katılıyorum,0,,1.0,
S1_DISC_D2,S1_self,DISC,D,"Gerekirse risk alır, sorumluluğu üstlenirim.",Likert5,Kesinlikle Katılmıyorum|Katılmıyorum|Kararsızım|Katılıyorum|Kesinlikle Katılıyorum,0,,1.0,
S1_DISC_D3,S1_self,DISC,D,Hedeften sapıldığında insanları toparlarım.,Likert5,Kesinlikle Katılmıyorum|Katılmıyorum|Kararsızım|Katılıyorum|Kesinlikle Katılıyorum,0,,1.0,
S1_DISC_I1,S1_self,DISC,I,Yeni insanlarla kolayca bağ kurarım.,Likert5,Kesinlikle Katılmıyorum|Katılmıyorum|Kararsızım|Katılıyorum|Kesinlikle Katılıyorum,0,,1.0,
S1_DISC_I2,S1_self,DISC,I,İlham verici konuşmalar yapmayı severim.,Likert5,Kesinlikle Katılmıyorum|Katılmıyorum|Kararsızım|Katılıyorum|Kesinlikle Katılıyorum,0,,1.0,
S1_DISC_I3,S1_self,DISC,I,Takdir edilmek beni motive eder.,Likert5,Kesinlikle Katılmıyorum|Katılmıyorum|Kararsızım|Katılıyorum|Kesinlikle Katılıyorum,0,,1.0,
S1_DISC_S1,S1_self,DISC,S,Rutinin ve öngörülebilirliğin verdiği güveni severim.,Likert5,Kesinlikle Katılmıyorum|Katılmıyorum|Kararsızım|Katılıyorum|Kesinlikle Katılıyorum,0,,1.0,
S1_DISC_S2,S1_self,DISC,S,Ekip içinde huzuru korumaya çalışırım.,Likert5,Kesinlikle Katılmıyorum|Katılmıyorum|Kararsızım|Katılıyorum|Kesinlikle Katılıyorum,0,,1.0,
S1_DISC_S3,S1_self,DISC,S,Ani değişimlere alışmakta zorlanırım.,Likert5,Kesinlikle Katılmıyorum|Katılmıyorum|Kararsızım|Katılıyorum|Kesinlikle Katılıyorum,0,,1.0,
S1_DISC_C1,S1_self,DISC,C,Hataları en aza indirmek için standartlara uyarım.,Likert5,Kesinlikle Katılmıyorum|Katılmıyorum|Kararsızım|Katılıyorum|Kesinlikle Katılıyorum,0,,1.0,
S1_DISC_C2,S1_self,DISC,C,Karar vermeden önce verileri titizlikle incelerim.,Likert5,Kesinlikle Katılmıyorum|Katılmıyorum|Kararsızım|Katılıyorum|Kesinlikle Katılıyorum,0,,1.0,
S1_DISC_C3,S1_self,DISC,C,Eleştiriyi süreci iyileştirme fırsatı olarak görürüm.,Likert5,Kesinlikle Katılmıyorum|Katılmıyorum|Kararsızım|Katılıyorum|Kesinlikle Katılıyorum,0,,1.0,
S1_SCN_1,S1_self,Scenario,Conflict,Yoğun trafikte biri size haksız yere korna çaldı; tipik ilk tepkiniz?,MultiChoice5,Kızar|Sakin kalır|Panik yapar|Ara verir|Şaka ile yumuşatır,0,"{""Kızar"": ""COMPETE"", ""Sakin kalır"": ""COLLAB"", ""Panik yapar"": ""ANX"", ""Ara verir"": ""AVOID"", ""Şaka ile yumuşatır"": ""ACCOM""}",1.0,
S1_SCN_2,S1_self,Scenario,Conflict,Toplantıda fikriniz sertçe eleştirildi; anlık tutumunuz?,MultiChoice5,Kızar|Sakin kalır|Panik yapar|Ara verir|Şaka ile yumuşatır,0,"{""Kızar"": ""COMPETE"", ""Sakin kalır"": ""COLLAB"", ""Panik yapar"": ""ANX"", ""Ara verir"": ""AVOID"", ""Şaka ile yumuşatır"": ""ACCOM""}",1.0,
S1_SCN_3,S1_self,Scenario,Conflict,Partneriniz randevuya haber vermeden geç kaldı; o anki yaklaşımınız?,MultiChoice5,Kızar|Sakin kalır|Panik yapar|Ara verir|Şaka ile yumuşatır,0,"{""Kızar"": ""COMPETE"", ""Sakin kalır"": ""COLLAB"", ""Panik yapar"": ""ANX"", ""Ara verir"": ""AVOID"", ""Şaka ile yumuşatır"": ""ACCOM""}",1.0,
S1_SCN_4,S1_self,Scenario,Conflict,Yakın arkadaşınız özel bir bilginizi üçüncüyle paylaştı; ilk tepkiniz?,MultiChoice5,Kızar|Sakin kalır|Panik yapar|Ara verir|Şaka ile yumuşatır,0,"{""Kızar"": ""COMPETE"", ""Sakin kalır"": ""COLLAB"", ""Panik yapar"": ""ANX"", ""Ara verir"": ""AVOID"", ""Şaka ile yumuşatır"": ""ACCOM""}",1.0,
S1_SCN_5,S1_self,Scenario,Conflict,Teslim tarihi öne çekildi; ekip geride; sizin tavrınız?,MultiChoice5,Kızar|Sakin kalır|Panik yapar|Ara verir|Şaka ile yumuşatır,0,"{""Kızar"": ""COMPETE"", ""Sakin kalır"": ""COLLAB"", ""Panik yapar"": ""ANX"", ""Ara verir"": ""AVOID"", ""Şaka ile yumuşatır"": ""ACCOM""}",1.0,
S1_SCN_6,S1_self,Scenario,Conflict,Aile toplantısında politik bir tartışma alevlendi; ne yaparsınız?,MultiChoice5,Kızar|Sakin kalır|Panik yapar|Ara verir|Şaka ile yumuşatır,0,"{""Kızar"": ""COMPETE"", ""Sakin kalır"": ""COLLAB"", ""Panik yapar"": ""ANX"", ""Ara verir"": ""AVOID"", ""Şaka ile yumuşatır"": ""ACCOM""}",1.0,
S1_OE_STRENGTHS,S1_self,OpenEnded,OE,Kendinizde en güçlü bulduğunuz 3 özellik nedir?,OpenText,,0,,1.0,
S1_OE_WEAK,S1_self,OpenEnded,OE,Geliştirmek istediğiniz 3 alan nedir?,OpenText,,0,,1.0,
S1_OE_TRIGGER,S1_self,OpenEnded,OE,Çatışma/gerilimde sizi en çok tetikleyen durumlar nelerdir?,OpenText,,0,,1.0,
S1_OE_GOAL,S1_self,OpenEnded,OE,Önümüzdeki 3 ayda kişisel hedefiniz nedir?,OpenText,,0,,1.0,
S1_Q_1,S1_self,Quality,CONS,Bu testte dürüst cevap verdiğime inanıyorum.,Likert5,Kesinlikle Katılmıyorum|Katılmıyorum|Kararsızım|Katılıyorum|Kesinlikle Katılıyorum,0,,1.0,
S1_Q_2,S1_self,Quality,SPEED,Soruları acele etmeden yanıtladım.,Likert5,Kesinlikle Katılmıyorum|Katılmıyorum|Kararsızım|Katılıyorum|Kesinlikle Katılıyorum,0,,1.0,
S1_Q_3,S1_self,Quality,ATTN,Talimatları dikkatle okudum.,Likert5,Kesinlikle Katılmıyorum|Katılmıyorum|Kararsızım|Katılıyorum|Kesinlikle Katılıyorum,0,,1.0,
S1_Q_4,S1_self,Quality,REPEAT,Benzer sorulara farklı cevap verdiğimi düşünüyorum.,Likert5,Kesinlikle Katılmıyorum|Katılmıyorum|Kararsızım|Katılıyorum|Kesinlikle Katılıyorum,1,,1.0,
