<?xml version="1.0" encoding="utf-8"?>
<items group="S4" count="80">
  <item id="S4_family_1">
    <form>S4_family</form>
    <section>ValuesBoundaries</section>
    <subscale>BOUND</subscale>
    <text_tr>Aile içinde kişisel mahremiyete saygı önemlidir.</text_tr>
    <type>Likert5</type>
    <options_tr>Kesinlikle Katılmıyorum|Katılmıyorum|Kararsızım|Katılıyorum|Kesinlikle Katılıyorum</options_tr>
    <reverse_scored>0</reverse_scored>
    <scoring_key/>
    <weight>1</weight>
    <notes/>
    <display_order/>
  </item>
  <item id="S4_family_2">
    <form>S4_family</form>
    <section>ValuesBoundaries</section>
    <subscale>COMM</subscale>
    <text_tr>Zor konuları sakin bir dille konuşabilmeliyiz.</text_tr>
    <type>Likert5</type>
    <options_tr>Kesinlikle Katılmıyorum|Katılmıyorum|Kararsızım|Katılıyorum|Kesinlikle Katılıyorum</options_tr>
    <reverse_scored>0</reverse_scored>
    <scoring_key/>
    <weight>1</weight>
    <notes/>
    <display_order/>
  </item>
  <item id="S4_family_3">
    <form>S4_family</form>
    <section>ValuesBoundaries</section>
    <subscale>ROLE</subscale>
    <text_tr>Ev içi roller net olmalıdır.</text_tr>
    <type>Likert5</type>
    <options_tr>Kesinlikle Katılmıyorum|Katılmıyorum|Kararsızım|Katılıyorum|Kesinlikle Katılıyorum</options_tr>
    <reverse_scored>0</reverse_scored>
    <scoring_key/>
    <weight>1</weight>
    <notes/>
    <display_order/>
  </item>
  <item id="S4_family_4">
    <form>S4_family</form>
    <section>ValuesBoundaries</section>
    <subscale>SUPPORT</subscale>
    <text_tr>Duygusal destek göstermek değerlidir.</text_tr>
    <type>Likert5</type>
    <options_tr>Kesinlikle Katılmıyorum|Katılmıyorum|Kararsızım|Katılıyorum|Kesinlikle Katılıyorum</options_tr>
    <reverse_scored>0</reverse_scored>
    <scoring_key/>
    <weight>1</weight>
    <notes/>
    <display_order/>
  </item>
  <item id="S4_family_5">
    <form>S4_family</form>
    <section>ValuesBoundaries</section>
    <subscale>BOUND</subscale>
    <text_tr>Özel eşyaları izinsiz kullanmak kabul edilemez.</text_tr>
    <type>Likert5</type>
    <options_tr>Kesinlikle Katılmıyorum|Katılmıyorum|Kararsızım|Katılıyorum|Kesinlikle Katılıyorum</options_tr>
    <reverse_scored>0</reverse_scored>
    <scoring_key/>
    <weight>1</weight>
    <notes/>
    <display_order/>
  </item>
  <item id="S4_family_6">
    <form>S4_family</form>
    <section>ValuesBoundaries</section>
    <subscale>COMM</subscale>
    <text_tr>Eleştiride kırıcı olmamaya özen gösterilmelidir.</text_tr>
    <type>Likert5</type>
    <options_tr>Kesinlikle Katılmıyorum|Katılmıyorum|Kararsızım|Katılıyorum|Kesinlikle Katılıyorum</options_tr>
    <reverse_scored>0</reverse_scored>
    <scoring_key/>
    <weight>1</weight>
    <notes/>
    <display_order/>
  </item>
  <item id="S4_family_7">
    <form>S4_family</form>
    <section>ValuesBoundaries</section>
    <subscale>DECISION</subscale>
    <text_tr>Önemli kararlar ortak alınmalıdır.</text_tr>
    <type>Likert5</type>
    <options_tr>Kesinlikle Katılmıyorum|Katılmıyorum|Kararsızım|Katılıyorum|Kesinlikle Katılıyorum</options_tr>
    <reverse_scored>0</reverse_scored>
    <scoring_key/>
    <weight>1</weight>
    <notes/>
    <display_order/>
  </item>
  <item id="S4_family_8">
    <form>S4_family</form>
    <section>ValuesBoundaries</section>
    <subscale>TIME</subscale>
    <text_tr>Aile zamanı için düzenli vakit ayırmak önemlidir.</text_tr>
    <type>Likert5</type>
    <options_tr>Kesinlikle Katılmıyorum|Katılmıyorum|Kararsızım|Katılıyorum|Kesinlikle Katılıyorum</options_tr>
    <reverse_scored>0</reverse_scored>
    <scoring_key/>
    <weight>1</weight>
    <notes/>
    <display_order/>
  </item>
  <item id="S4_family_9">
    <form>S4_family</form>
    <section>ValuesBoundaries</section>
    <subscale>CONFLICT</subscale>
    <text_tr>Gerilimde kısa mola verip yeniden konuşabilmeliyiz.</text_tr>
    <type>Likert5</type>
    <options_tr>Kesinlikle Katılmıyorum|Katılmıyorum|Kararsızım|Katılıyorum|Kesinlikle Katılıyorum</options_tr>
    <reverse_scored>0</reverse_scored>
    <scoring_key/>
    <weight>1</weight>
    <notes/>
    <display_order/>
  </item>
  <item id="S4_family_10">
    <form>S4_family</form>
    <section>ValuesBoundaries</section>
    <subscale>RESPECT</subscale>
    <text_tr>Kuşak farkı olsa da saygı korunmalıdır.</text_tr>
    <type>Likert5</type>
    <options_tr>Kesinlikle Katılmıyorum|Katılmıyorum|Kararsızım|Katılıyorum|Kesinlikle Katılıyorum</options_tr>
    <reverse_scored>0</reverse_scored>
    <scoring_key/>
    <weight>1</weight>
    <notes/>
    <display_order/>
  </item>
  <item id="S4_family_11">
    <form>S4_family</form>
    <section>ValuesBoundaries</section>
    <subscale>FINANCE</subscale>
    <text_tr>Hane içi harcamalarda şeffaflık gerekir.</text_tr>
    <type>Likert5</type>
    <options_tr>Kesinlikle Katılmıyorum|Katılmıyorum|Kararsızım|Katılıyorum|Kesinlikle Katılıyorum</options_tr>
    <reverse_scored>0</reverse_scored>
    <scoring_key/>
    <weight>1</weight>
    <notes/>
    <display_order/>
  </item>
  <item id="S4_family_12">
    <form>S4_family</form>
    <section>ValuesBoundaries</section>
    <subscale>BOUND</subscale>
    <text_tr>Misafir/ziyaret planında önceden haber verilmelidir.</text_tr>
    <type>Likert5</type>
    <options_tr>Kesinlikle Katılmıyorum|Katılmıyorum|Kararsızım|Katılıyorum|Kesinlikle Katılıyorum</options_tr>
    <reverse_scored>0</reverse_scored>
    <scoring_key/>
    <weight>1</weight>
    <notes/>
    <display_order/>
  </item>
  <item id="S4_family_13">
    <form>S4_family</form>
    <section>ValuesBoundaries</section>
    <subscale>SUPPORT</subscale>
    <text_tr>Krizde ulaşılabilir olmak önemlidir.</text_tr>
    <type>Likert5</type>
    <options_tr>Kesinlikle Katılmıyorum|Katılmıyorum|Kararsızım|Katılıyorum|Kesinlikle Katılıyorum</options_tr>
    <reverse_scored>0</reverse_scored>
    <scoring_key/>
    <weight>1</weight>
    <notes/>
    <display_order/>
  </item>
  <item id="S4_family_14">
    <form>S4_family</form>
    <section>ValuesBoundaries</section>
    <subscale>INDEP</subscale>
    <text_tr>Bağımsızlık alanına saygı duyulmalıdır.</text_tr>
    <type>Likert5</type>
    <options_tr>Kesinlikle Katılmıyorum|Katılmıyorum|Kararsızım|Katılıyorum|Kesinlikle Katılıyorum</options_tr>
    <reverse_scored>0</reverse_scored>
    <scoring_key/>
    <weight>1</weight>
    <notes/>
    <display_order/>
  </item>
  <item id="S4_family_15">
    <form>S4_family</form>
    <section>ValuesBoundaries</section>
    <subscale>DIGI</subscale>
    <text_tr>Dijital/telefon gizliliği gözetilmelidir.</text_tr>
    <type>Likert5</type>
    <options_tr>Kesinlikle Katılmıyorum|Katılmıyorum|Kararsızım|Katılıyorum|Kesinlikle Katılıyorum</options_tr>
    <reverse_scored>0</reverse_scored>
    <scoring_key/>
    <weight>1</weight>
    <notes/>
    <display_order/>
  </item>
  <item id="S4_family_16">
    <form>S4_family</form>
    <section>ValuesBoundaries</section>
    <subscale>PRIV</subscale>
    <text_tr>Aile sırları üçüncü kişilerle paylaşılmamalıdır.</text_tr>
    <type>Likert5</type>
    <options_tr>Kesinlikle Katılmıyorum|Katılmıyorum|Kararsızım|Katılıyorum|Kesinlikle Katılıyorum</options_tr>
    <reverse_scored>0</reverse_scored>
    <scoring_key/>
    <weight>1</weight>
    <notes/>
    <display_order/>
  </item>
  <item id="S4_family_17">
    <form>S4_family</form>
    <section>ValuesBoundaries</section>
    <subscale>CARE</subscale>
    <text_tr>Hassas konular (sağlık vb.) özenle konuşulmalıdır.</text_tr>
    <type>Likert5</type>
    <options_tr>Kesinlikle Katılmıyorum|Katılmıyorum|Kararsızım|Katılıyorum|Kesinlikle Katılıyorum</options_tr>
    <reverse_scored>0</reverse_scored>
    <scoring_key/>
    <weight>1</weight>
    <notes/>
    <display_order/>
  </item>
  <item id="S4_family_18">
    <form>S4_family</form>
    <section>ValuesBoundaries</section>
    <subscale>FAIR</subscale>
    <text_tr>Sorumluluklar adil paylaşılmalıdır.</text_tr>
    <type>Likert5</type>
    <options_tr>Kesinlikle Katılmıyorum|Katılmıyorum|Kararsızım|Katılıyorum|Kesinlikle Katılıyorum</options_tr>
    <reverse_scored>0</reverse_scored>
    <scoring_key/>
    <weight>1</weight>
    <notes/>
    <display_order/>
  </item>
  <item id="S4_family_19">
    <form>S4_family</form>
    <section>ValuesBoundaries</section>
    <subscale>BOUND</subscale>
    <text_tr>Ses yükseltmek sınır ihlalidir.</text_tr>
    <type>Likert5</type>
    <options_tr>Kesinlikle Katılmıyorum|Katılmıyorum|Kararsızım|Katılıyorum|Kesinlikle Katılıyorum</options_tr>
    <reverse_scored>0</reverse_scored>
    <scoring_key/>
    <weight>1</weight>
    <notes/>
    <display_order/>
  </item>
  <item id="S4_family_20">
    <form>S4_family</form>
    <section>ValuesBoundaries</section>
    <subscale>REPAIR</subscale>
    <text_tr>Kırgınlıkta özür ve onarım beklerim.</text_tr>
    <type>Likert5</type>
    <options_tr>Kesinlikle Katılmıyorum|Katılmıyorum|Kararsızım|Katılıyorum|Kesinlikle Katılıyorum</options_tr>
    <reverse_scored>0</reverse_scored>
    <scoring_key/>
    <weight>1</weight>
    <notes/>
    <display_order/>
  </item>
  <item id="S4_friend_1">
    <form>S4_friend</form>
    <section>ValuesBoundaries</section>
    <subscale>BOUND</subscale>
    <text_tr>Plan değişikliğinde zamanında haber verilmelidir.</text_tr>
    <type>Likert5</type>
    <options_tr>Kesinlikle Katılmıyorum|Katılmıyorum|Kararsızım|Katılıyorum|Kesinlikle Katılıyorum</options_tr>
    <reverse_scored>0</reverse_scored>
    <scoring_key/>
    <weight>1</weight>
    <notes/>
    <display_order/>
  </item>
  <item id="S4_friend_2">
    <form>S4_friend</form>
    <section>ValuesBoundaries</section>
    <subscale>TRUST</subscale>
    <text_tr>Sırlar gizli tutulmalıdır.</text_tr>
    <type>Likert5</type>
    <options_tr>Kesinlikle Katılmıyorum|Katılmıyorum|Kararsızım|Katılıyorum|Kesinlikle Katılıyorum</options_tr>
    <reverse_scored>0</reverse_scored>
    <scoring_key/>
    <weight>1</weight>
    <notes/>
    <display_order/>
  </item>
  <item id="S4_friend_3">
    <form>S4_friend</form>
    <section>ValuesBoundaries</section>
    <subscale>TIME</subscale>
    <text_tr>Düzenli görüşmeye önem veririm.</text_tr>
    <type>Likert5</type>
    <options_tr>Kesinlikle Katılmıyorum|Katılmıyorum|Kararsızım|Katılıyorum|Kesinlikle Katılıyorum</options_tr>
    <reverse_scored>0</reverse_scored>
    <scoring_key/>
    <weight>1</weight>
    <notes/>
    <display_order/>
  </item>
  <item id="S4_friend_4">
    <form>S4_friend</form>
    <section>ValuesBoundaries</section>
    <subscale>FUN</subscale>
    <text_tr>Ortak aktivite planlamayı severim.</text_tr>
    <type>Likert5</type>
    <options_tr>Kesinlikle Katılmıyorum|Katılmıyorum|Kararsızım|Katılıyorum|Kesinlikle Katılıyorum</options_tr>
    <reverse_scored>0</reverse_scored>
    <scoring_key/>
    <weight>1</weight>
    <notes/>
    <display_order/>
  </item>
  <item id="S4_friend_5">
    <form>S4_friend</form>
    <section>ValuesBoundaries</section>
    <subscale>RESPECT</subscale>
    <text_tr>İğneleyici şakalardan kaçınılmalıdır.</text_tr>
    <type>Likert5</type>
    <options_tr>Kesinlikle Katılmıyorum|Katılmıyorum|Kararsızım|Katılıyorum|Kesinlikle Katılıyorum</options_tr>
    <reverse_scored>0</reverse_scored>
    <scoring_key/>
    <weight>1</weight>
    <notes/>
    <display_order/>
  </item>
  <item id="S4_friend_6">
    <form>S4_friend</form>
    <section>ValuesBoundaries</section>
    <subscale>SUPPORT</subscale>
    <text_tr>Zor günde mesaj/arayış beklerim.</text_tr>
    <type>Likert5</type>
    <options_tr>Kesinlikle Katılmıyorum|Katılmıyorum|Kararsızım|Katılıyorum|Kesinlikle Katılıyorum</options_tr>
    <reverse_scored>0</reverse_scored>
    <scoring_key/>
    <weight>1</weight>
    <notes/>
    <display_order/>
  </item>
  <item id="S4_friend_7">
    <form>S4_friend</form>
    <section>ValuesBoundaries</section>
    <subscale>BOUND</subscale>
    <text_tr>Özel hayatımın sınırlarına saygı gösterilmelidir.</text_tr>
    <type>Likert5</type>
    <options_tr>Kesinlikle Katılmıyorum|Katılmıyorum|Kararsızım|Katılıyorum|Kesinlikle Katılıyorum</options_tr>
    <reverse_scored>0</reverse_scored>
    <scoring_key/>
    <weight>1</weight>
    <notes/>
    <display_order/>
  </item>
  <item id="S4_friend_8">
    <form>S4_friend</form>
    <section>ValuesBoundaries</section>
    <subscale>COMM</subscale>
    <text_tr>Sorunları açık ve sakin konuşabilmeliyiz.</text_tr>
    <type>Likert5</type>
    <options_tr>Kesinlikle Katılmıyorum|Katılmıyorum|Kararsızım|Katılıyorum|Kesinlikle Katılıyorum</options_tr>
    <reverse_scored>0</reverse_scored>
    <scoring_key/>
    <weight>1</weight>
    <notes/>
    <display_order/>
  </item>
  <item id="S4_friend_9">
    <form>S4_friend</form>
    <section>ValuesBoundaries</section>
    <subscale>FAIR</subscale>
    <text_tr>Harcama paylaşımında adalet önemlidir.</text_tr>
    <type>Likert5</type>
    <options_tr>Kesinlikle Katılmıyorum|Katılmıyorum|Kararsızım|Katılıyorum|Kesinlikle Katılıyorum</options_tr>
    <reverse_scored>0</reverse_scored>
    <scoring_key/>
    <weight>1</weight>
    <notes/>
    <display_order/>
  </item>
  <item id="S4_friend_10">
    <form>S4_friend</form>
    <section>ValuesBoundaries</section>
    <subscale>DIGI</subscale>
    <text_tr>Ekran görüntülerimi izinsiz paylaşmak kabul edilemez.</text_tr>
    <type>Likert5</type>
    <options_tr>Kesinlikle Katılmıyorum|Katılmıyorum|Kararsızım|Katılıyorum|Kesinlikle Katılıyorum</options_tr>
    <reverse_scored>0</reverse_scored>
    <scoring_key/>
    <weight>1</weight>
    <notes/>
    <display_order/>
  </item>
  <item id="S4_friend_11">
    <form>S4_friend</form>
    <section>ValuesBoundaries</section>
    <subscale>RELIAB</subscale>
    <text_tr>Verilen sözlerin tutulması gerekir.</text_tr>
    <type>Likert5</type>
    <options_tr>Kesinlikle Katılmıyorum|Katılmıyorum|Kararsızım|Katılıyorum|Kesinlikle Katılıyorum</options_tr>
    <reverse_scored>0</reverse_scored>
    <scoring_key/>
    <weight>1</weight>
    <notes/>
    <display_order/>
  </item>
  <item id="S4_friend_12">
    <form>S4_friend</form>
    <section>ValuesBoundaries</section>
    <subscale>CONFLICT</subscale>
    <text_tr>Tartışmayı kaçırmadan çözüme odaklanmalıyız.</text_tr>
    <type>Likert5</type>
    <options_tr>Kesinlikle Katılmıyorum|Katılmıyorum|Kararsızım|Katılıyorum|Kesinlikle Katılıyorum</options_tr>
    <reverse_scored>0</reverse_scored>
    <scoring_key/>
    <weight>1</weight>
    <notes/>
    <display_order/>
  </item>
  <item id="S4_friend_13">
    <form>S4_friend</form>
    <section>ValuesBoundaries</section>
    <subscale>FEED</subscale>
    <text_tr>Geri bildirimi iyi niyetle vermeliyiz.</text_tr>
    <type>Likert5</type>
    <options_tr>Kesinlikle Katılmıyorum|Katılmıyorum|Kararsızım|Katılıyorum|Kesinlikle Katılıyorum</options_tr>
    <reverse_scored>0</reverse_scored>
    <scoring_key/>
    <weight>1</weight>
    <notes/>
    <display_order/>
  </item>
  <item id="S4_friend_14">
    <form>S4_friend</form>
    <section>ValuesBoundaries</section>
    <subscale>PRIOR</subscale>
    <text_tr>Öncelikler çatıştığında açık iletişim beklerim.</text_tr>
    <type>Likert5</type>
    <options_tr>Kesinlikle Katılmıyorum|Katılmıyorum|Kararsızım|Katılıyorum|Kesinlikle Katılıyorum</options_tr>
    <reverse_scored>0</reverse_scored>
    <scoring_key/>
    <weight>1</weight>
    <notes/>
    <display_order/>
  </item>
  <item id="S4_friend_15">
    <form>S4_friend</form>
    <section>ValuesBoundaries</section>
    <subscale>BOUND</subscale>
    <text_tr>Rızam olmadan eşyalarım kullanılmamalıdır.</text_tr>
    <type>Likert5</type>
    <options_tr>Kesinlikle Katılmıyorum|Katılmıyorum|Kararsızım|Katılıyorum|Kesinlikle Katılıyorum</options_tr>
    <reverse_scored>0</reverse_scored>
    <scoring_key/>
    <weight>1</weight>
    <notes/>
    <display_order/>
  </item>
  <item id="S4_friend_16">
    <form>S4_friend</form>
    <section>ValuesBoundaries</section>
    <subscale>BAL</subscale>
    <text_tr>Karşılıklılık dengesi önemlidir.</text_tr>
    <type>Likert5</type>
    <options_tr>Kesinlikle Katılmıyorum|Katılmıyorum|Kararsızım|Katılıyorum|Kesinlikle Katılıyorum</options_tr>
    <reverse_scored>0</reverse_scored>
    <scoring_key/>
    <weight>1</weight>
    <notes/>
    <display_order/>
  </item>
  <item id="S4_friend_17">
    <form>S4_friend</form>
    <section>ValuesBoundaries</section>
    <subscale>REPAIR</subscale>
    <text_tr>Kırgınlık sonrası onarım beklerim.</text_tr>
    <type>Likert5</type>
    <options_tr>Kesinlikle Katılmıyorum|Katılmıyorum|Kararsızım|Katılıyorum|Kesinlikle Katılıyorum</options_tr>
    <reverse_scored>0</reverse_scored>
    <scoring_key/>
    <weight>1</weight>
    <notes/>
    <display_order/>
  </item>
  <item id="S4_friend_18">
    <form>S4_friend</form>
    <section>ValuesBoundaries</section>
    <subscale>TIME</subscale>
    <text_tr>Son dakika iptalleri minimum olmalıdır.</text_tr>
    <type>Likert5</type>
    <options_tr>Kesinlikle Katılmıyorum|Katılmıyorum|Kararsızım|Katılıyorum|Kesinlikle Katılıyorum</options_tr>
    <reverse_scored>0</reverse_scored>
    <scoring_key/>
    <weight>1</weight>
    <notes/>
    <display_order/>
  </item>
  <item id="S4_friend_19">
    <form>S4_friend</form>
    <section>ValuesBoundaries</section>
    <subscale>TRUST</subscale>
    <text_tr>Gıyabımda saygılı konuşulmalıdır.</text_tr>
    <type>Likert5</type>
    <options_tr>Kesinlikle Katılmıyorum|Katılmıyorum|Kararsızım|Katılıyorum|Kesinlikle Katılıyorum</options_tr>
    <reverse_scored>0</reverse_scored>
    <scoring_key/>
    <weight>1</weight>
    <notes/>
    <display_order/>
  </item>
  <item id="S4_friend_20">
    <form>S4_friend</form>
    <section>ValuesBoundaries</section>
    <subscale>SUPPORT</subscale>
    <text_tr>Başarılarımı takdir etmesini beklerim.</text_tr>
    <type>Likert5</type>
    <options_tr>Kesinlikle Katılmıyorum|Katılmıyorum|Kararsızım|Katılıyorum|Kesinlikle Katılıyorum</options_tr>
    <reverse_scored>0</reverse_scored>
    <scoring_key/>
    <weight>1</weight>
    <notes/>
    <display_order/>
  </item>
  <item id="S4_work_1">
    <form>S4_work</form>
    <section>ValuesBoundaries</section>
    <subscale>PRO</subscale>
    <text_tr>Profesyonel sınırlara özen gösterilmelidir.</text_tr>
    <type>Likert5</type>
    <options_tr>Kesinlikle Katılmıyorum|Katılmıyorum|Kararsızım|Katılıyorum|Kesinlikle Katılıyorum</options_tr>
    <reverse_scored>0</reverse_scored>
    <scoring_key/>
    <weight>1</weight>
    <notes/>
    <display_order/>
  </item>
  <item id="S4_work_2">
    <form>S4_work</form>
    <section>ValuesBoundaries</section>
    <subscale>COMM</subscale>
    <text_tr>Geri bildirim açık ve saygılı verilmelidir.</text_tr>
    <type>Likert5</type>
    <options_tr>Kesinlikle Katılmıyorum|Katılmıyorum|Kararsızım|Katılıyorum|Kesinlikle Katılıyorum</options_tr>
    <reverse_scored>0</reverse_scored>
    <scoring_key/>
    <weight>1</weight>
    <notes/>
    <display_order/>
  </item>
  <item id="S4_work_3">
    <form>S4_work</form>
    <section>ValuesBoundaries</section>
    <subscale>OWN</subscale>
    <text_tr>Sorumluluk üstlenmek ve takip önemlidir.</text_tr>
    <type>Likert5</type>
    <options_tr>Kesinlikle Katılmıyorum|Katılmıyorum|Kararsızım|Katılıyorum|Kesinlikle Katılıyorum</options_tr>
    <reverse_scored>0</reverse_scored>
    <scoring_key/>
    <weight>1</weight>
    <notes/>
    <display_order/>
  </item>
  <item id="S4_work_4">
    <form>S4_work</form>
    <section>ValuesBoundaries</section>
    <subscale>ALIGN</subscale>
    <text_tr>Ekip hedefleriyle hizalanma gereklidir.</text_tr>
    <type>Likert5</type>
    <options_tr>Kesinlikle Katılmıyorum|Katılmıyorum|Kararsızım|Katılıyorum|Kesinlikle Katılıyorum</options_tr>
    <reverse_scored>0</reverse_scored>
    <scoring_key/>
    <weight>1</weight>
    <notes/>
    <display_order/>
  </item>
  <item id="S4_work_5">
    <form>S4_work</form>
    <section>ValuesBoundaries</section>
    <subscale>TIME</subscale>
    <text_tr>Toplantı ve teslim tarihlerine uyum esastır.</text_tr>
    <type>Likert5</type>
    <options_tr>Kesinlikle Katılmıyorum|Katılmıyorum|Kararsızım|Katılıyorum|Kesinlikle Katılıyorum</options_tr>
    <reverse_scored>0</reverse_scored>
    <scoring_key/>
    <weight>1</weight>
    <notes/>
    <display_order/>
  </item>
  <item id="S4_work_6">
    <form>S4_work</form>
    <section>ValuesBoundaries</section>
    <subscale>TRUST</subscale>
    <text_tr>Bilgi gizliliği korunmalıdır.</text_tr>
    <type>Likert5</type>
    <options_tr>Kesinlikle Katılmıyorum|Katılmıyorum|Kararsızım|Katılıyorum|Kesinlikle Katılıyorum</options_tr>
    <reverse_scored>0</reverse_scored>
    <scoring_key/>
    <weight>1</weight>
    <notes/>
    <display_order/>
  </item>
  <item id="S4_work_7">
    <form>S4_work</form>
    <section>ValuesBoundaries</section>
    <subscale>BOUND</subscale>
    <text_tr>Mesai dışı yazışmalara makul sınır getirilmelidir.</text_tr>
    <type>Likert5</type>
    <options_tr>Kesinlikle Katılmıyorum|Katılmıyorum|Kararsızım|Katılıyorum|Kesinlikle Katılıyorum</options_tr>
    <reverse_scored>0</reverse_scored>
    <scoring_key/>
    <weight>1</weight>
    <notes/>
    <display_order/>
  </item>
  <item id="S4_work_8">
    <form>S4_work</form>
    <section>ValuesBoundaries</section>
    <subscale>FAIR</subscale>
    <text_tr>İş yükü adil dağıtılmalıdır.</text_tr>
    <type>Likert5</type>
    <options_tr>Kesinlikle Katılmıyorum|Katılmıyorum|Kararsızım|Katılıyorum|Kesinlikle Katılıyorum</options_tr>
    <reverse_scored>0</reverse_scored>
    <scoring_key/>
    <weight>1</weight>
    <notes/>
    <display_order/>
  </item>
  <item id="S4_work_9">
    <form>S4_work</form>
    <section>ValuesBoundaries</section>
    <subscale>CONFLICT</subscale>
    <text_tr>Uyuşmazlıklar kişiselleştirilmeden ele alınmalıdır.</text_tr>
    <type>Likert5</type>
    <options_tr>Kesinlikle Katılmıyorum|Katılmıyorum|Kararsızım|Katılıyorum|Kesinlikle Katılıyorum</options_tr>
    <reverse_scored>0</reverse_scored>
    <scoring_key/>
    <weight>1</weight>
    <notes/>
    <display_order/>
  </item>
  <item id="S4_work_10">
    <form>S4_work</form>
    <section>ValuesBoundaries</section>
    <subscale>RESPECT</subscale>
    <text_tr>Hiyerarşi olsa da saygı korunmalıdır.</text_tr>
    <type>Likert5</type>
    <options_tr>Kesinlikle Katılmıyorum|Katılmıyorum|Kararsızım|Katılıyorum|Kesinlikle Katılıyorum</options_tr>
    <reverse_scored>0</reverse_scored>
    <scoring_key/>
    <weight>1</weight>
    <notes/>
    <display_order/>
  </item>
  <item id="S4_work_11">
    <form>S4_work</form>
    <section>ValuesBoundaries</section>
    <subscale>FEED</subscale>
    <text_tr>Net hedef ve beklenti belirlenmelidir.</text_tr>
    <type>Likert5</type>
    <options_tr>Kesinlikle Katılmıyorum|Katılmıyorum|Kararsızım|Katılıyorum|Kesinlikle Katılıyorum</options_tr>
    <reverse_scored>0</reverse_scored>
    <scoring_key/>
    <weight>1</weight>
    <notes/>
    <display_order/>
  </item>
  <item id="S4_work_12">
    <form>S4_work</form>
    <section>ValuesBoundaries</section>
    <subscale>REPAIR</subscale>
    <text_tr>Hata sonrası onarım/öğrenme beklenir.</text_tr>
    <type>Likert5</type>
    <options_tr>Kesinlikle Katılmıyorum|Katılmıyorum|Kararsızım|Katılıyorum|Kesinlikle Katılıyorum</options_tr>
    <reverse_scored>0</reverse_scored>
    <scoring_key/>
    <weight>1</weight>
    <notes/>
    <display_order/>
  </item>
  <item id="S4_work_13">
    <form>S4_work</form>
    <section>ValuesBoundaries</section>
    <subscale>OWN</subscale>
    <text_tr>Hatalarda sorumluluk almak değerlidir.</text_tr>
    <type>Likert5</type>
    <options_tr>Kesinlikle Katılmıyorum|Katılmıyorum|Kararsızım|Katılıyorum|Kesinlikle Katılıyorum</options_tr>
    <reverse_scored>0</reverse_scored>
    <scoring_key/>
    <weight>1</weight>
    <notes/>
    <display_order/>
  </item>
  <item id="S4_work_14">
    <form>S4_work</form>
    <section>ValuesBoundaries</section>
    <subscale>BOUND</subscale>
    <text_tr>Kişisel konular iş ortamında sınırında kalmalıdır.</text_tr>
    <type>Likert5</type>
    <options_tr>Kesinlikle Katılmıyorum|Katılmıyorum|Kararsızım|Katılıyorum|Kesinlikle Katılıyorum</options_tr>
    <reverse_scored>0</reverse_scored>
    <scoring_key/>
    <weight>1</weight>
    <notes/>
    <display_order/>
  </item>
  <item id="S4_work_15">
    <form>S4_work</form>
    <section>ValuesBoundaries</section>
    <subscale>ALIGN</subscale>
    <text_tr>Kararlar şeffaf iletişilmelidir.</text_tr>
    <type>Likert5</type>
    <options_tr>Kesinlikle Katılmıyorum|Katılmıyorum|Kararsızım|Katılıyorum|Kesinlikle Katılıyorum</options_tr>
    <reverse_scored>0</reverse_scored>
    <scoring_key/>
    <weight>1</weight>
    <notes/>
    <display_order/>
  </item>
  <item id="S4_work_16">
    <form>S4_work</form>
    <section>ValuesBoundaries</section>
    <subscale>TRUST</subscale>
    <text_tr>Krediyi hakkaniyetle paylaşmak gerekir.</text_tr>
    <type>Likert5</type>
    <options_tr>Kesinlikle Katılmıyorum|Katılmıyorum|Kararsızım|Katılıyorum|Kesinlikle Katılıyorum</options_tr>
    <reverse_scored>0</reverse_scored>
    <scoring_key/>
    <weight>1</weight>
    <notes/>
    <display_order/>
  </item>
  <item id="S4_work_17">
    <form>S4_work</form>
    <section>ValuesBoundaries</section>
    <subscale>TIME</subscale>
    <text_tr>Fazla mesai beklentisi şeffaf olmalıdır.</text_tr>
    <type>Likert5</type>
    <options_tr>Kesinlikle Katılmıyorum|Katılmıyorum|Kararsızım|Katılıyorum|Kesinlikle Katılıyorum</options_tr>
    <reverse_scored>0</reverse_scored>
    <scoring_key/>
    <weight>1</weight>
    <notes/>
    <display_order/>
  </item>
  <item id="S4_work_18">
    <form>S4_work</form>
    <section>ValuesBoundaries</section>
    <subscale>PRO</subscale>
    <text_tr>Toplantıda söz kesmemek önemlidir.</text_tr>
    <type>Likert5</type>
    <options_tr>Kesinlikle Katılmıyorum|Katılmıyorum|Kararsızım|Katılıyorum|Kesinlikle Katılıyorum</options_tr>
    <reverse_scored>0</reverse_scored>
    <scoring_key/>
    <weight>1</weight>
    <notes/>
    <display_order/>
  </item>
  <item id="S4_work_19">
    <form>S4_work</form>
    <section>ValuesBoundaries</section>
    <subscale>COMM</subscale>
    <text_tr>E-posta/mesaj tonuna dikkat edilmelidir.</text_tr>
    <type>Likert5</type>
    <options_tr>Kesinlikle Katılmıyorum|Katılmıyorum|Kararsızım|Katılıyorum|Kesinlikle Katılıyorum</options_tr>
    <reverse_scored>0</reverse_scored>
    <scoring_key/>
    <weight>1</weight>
    <notes/>
    <display_order/>
  </item>
  <item id="S4_work_20">
    <form>S4_work</form>
    <section>ValuesBoundaries</section>
    <subscale>SAFETY</subscale>
    <text_tr>Psikolojik güvenlik korunmalıdır.</text_tr>
    <type>Likert5</type>
    <options_tr>Kesinlikle Katılmıyorum|Katılmıyorum|Kararsızım|Katılıyorum|Kesinlikle Katılıyorum</options_tr>
    <reverse_scored>0</reverse_scored>
    <scoring_key/>
    <weight>1</weight>
    <notes/>
    <display_order/>
  </item>
  <item id="S4_romantic_1">
    <form>S4_romantic</form>
    <section>ValuesBoundaries</section>
    <subscale>BOUND</subscale>
    <text_tr>Özel alan ve kişisel zamana saygı beklerim.</text_tr>
    <type>Likert5</type>
    <options_tr>Kesinlikle Katılmıyorum|Katılmıyorum|Kararsızım|Katılıyorum|Kesinlikle Katılıyorum</options_tr>
    <reverse_scored>0</reverse_scored>
    <scoring_key/>
    <weight>1</weight>
    <notes/>
    <display_order/>
  </item>
  <item id="S4_romantic_2">
    <form>S4_romantic</form>
    <section>ValuesBoundaries</section>
    <subscale>FINANCE</subscale>
    <text_tr>Maddi konularda şeffaflık isterim.</text_tr>
    <type>Likert5</type>
    <options_tr>Kesinlikle Katılmıyorum|Katılmıyorum|Kararsızım|Katılıyorum|Kesinlikle Katılıyorum</options_tr>
    <reverse_scored>0</reverse_scored>
    <scoring_key/>
    <weight>1</weight>
    <notes/>
    <display_order/>
  </item>
  <item id="S4_romantic_3">
    <form>S4_romantic</form>
    <section>ValuesBoundaries</section>
    <subscale>COMM</subscale>
    <text_tr>Duyguların düzenli ifade edilmesini isterim.</text_tr>
    <type>Likert5</type>
    <options_tr>Kesinlikle Katılmıyorum|Katılmıyorum|Kararsızım|Katılıyorum|Kesinlikle Katılıyorum</options_tr>
    <reverse_scored>0</reverse_scored>
    <scoring_key/>
    <weight>1</weight>
    <notes/>
    <display_order/>
  </item>
  <item id="S4_romantic_4">
    <form>S4_romantic</form>
    <section>ValuesBoundaries</section>
    <subscale>DIGI</subscale>
    <text_tr>Sosyal medyada mahremiyete dikkat edilmelidir.</text_tr>
    <type>Likert5</type>
    <options_tr>Kesinlikle Katılmıyorum|Katılmıyorum|Kararsızım|Katılıyorum|Kesinlikle Katılıyorum</options_tr>
    <reverse_scored>0</reverse_scored>
    <scoring_key/>
    <weight>1</weight>
    <notes/>
    <display_order/>
  </item>
  <item id="S4_romantic_5">
    <form>S4_romantic</form>
    <section>ValuesBoundaries</section>
    <subscale>LOYAL</subscale>
    <text_tr>Sadakat kırmızı çizgimdir.</text_tr>
    <type>Likert5</type>
    <options_tr>Kesinlikle Katılmıyorum|Katılmıyorum|Kararsızım|Katılıyorum|Kesinlikle Katılıyorum</options_tr>
    <reverse_scored>0</reverse_scored>
    <scoring_key/>
    <weight>1</weight>
    <notes/>
    <display_order/>
  </item>
  <item id="S4_romantic_6">
    <form>S4_romantic</form>
    <section>ValuesBoundaries</section>
    <subscale>TRUST</subscale>
    <text_tr>Güven inşası için tutarlı davranış beklerim.</text_tr>
    <type>Likert5</type>
    <options_tr>Kesinlikle Katılmıyorum|Katılmıyorum|Kararsızım|Katılıyorum|Kesinlikle Katılıyorum</options_tr>
    <reverse_scored>0</reverse_scored>
    <scoring_key/>
    <weight>1</weight>
    <notes/>
    <display_order/>
  </item>
  <item id="S4_romantic_7">
    <form>S4_romantic</form>
    <section>ValuesBoundaries</section>
    <subscale>TIME</subscale>
    <text_tr>Kaliteli birlikte zaman önceliklidir.</text_tr>
    <type>Likert5</type>
    <options_tr>Kesinlikle Katılmıyorum|Katılmıyorum|Kararsızım|Katılıyorum|Kesinlikle Katılıyorum</options_tr>
    <reverse_scored>0</reverse_scored>
    <scoring_key/>
    <weight>1</weight>
    <notes/>
    <display_order/>
  </item>
  <item id="S4_romantic_8">
    <form>S4_romantic</form>
    <section>ValuesBoundaries</section>
    <subscale>SEX</subscale>
    <text_tr>Rıza ve sınırlar açık konuşulmalıdır.</text_tr>
    <type>Likert5</type>
    <options_tr>Kesinlikle Katılmıyorum|Katılmıyorum|Kararsızım|Katılıyorum|Kesinlikle Katılıyorum</options_tr>
    <reverse_scored>0</reverse_scored>
    <scoring_key/>
    <weight>1</weight>
    <notes/>
    <display_order/>
  </item>
  <item id="S4_romantic_9">
    <form>S4_romantic</form>
    <section>ValuesBoundaries</section>
    <subscale>REPAIR</subscale>
    <text_tr>Kırgınlıkta özür ve telafi beklerim.</text_tr>
    <type>Likert5</type>
    <options_tr>Kesinlikle Katılmıyorum|Katılmıyorum|Kararsızım|Katılıyorum|Kesinlikle Katılıyorum</options_tr>
    <reverse_scored>0</reverse_scored>
    <scoring_key/>
    <weight>1</weight>
    <notes/>
    <display_order/>
  </item>
  <item id="S4_romantic_10">
    <form>S4_romantic</form>
    <section>ValuesBoundaries</section>
    <subscale>BOUND</subscale>
    <text_tr>Kıskançlık kontrolü ve iletişimle yönetilmelidir.</text_tr>
    <type>Likert5</type>
    <options_tr>Kesinlikle Katılmıyorum|Katılmıyorum|Kararsızım|Katılıyorum|Kesinlikle Katılıyorum</options_tr>
    <reverse_scored>0</reverse_scored>
    <scoring_key/>
    <weight>1</weight>
    <notes/>
    <display_order/>
  </item>
  <item id="S4_romantic_11">
    <form>S4_romantic</form>
    <section>ValuesBoundaries</section>
    <subscale>FAIR</subscale>
    <text_tr>Ev/ilişki sorumlulukları adil bölüşülmelidir.</text_tr>
    <type>Likert5</type>
    <options_tr>Kesinlikle Katılmıyorum|Katılmıyorum|Kararsızım|Katılıyorum|Kesinlikle Katılıyorum</options_tr>
    <reverse_scored>0</reverse_scored>
    <scoring_key/>
    <weight>1</weight>
    <notes/>
    <display_order/>
  </item>
  <item id="S4_romantic_12">
    <form>S4_romantic</form>
    <section>ValuesBoundaries</section>
    <subscale>FAM</subscale>
    <text_tr>Aile/arkadaş etkisi makul sınırda kalmalıdır.</text_tr>
    <type>Likert5</type>
    <options_tr>Kesinlikle Katılmıyorum|Katılmıyorum|Kararsızım|Katılıyorum|Kesinlikle Katılıyorum</options_tr>
    <reverse_scored>0</reverse_scored>
    <scoring_key/>
    <weight>1</weight>
    <notes/>
    <display_order/>
  </item>
  <item id="S4_romantic_13">
    <form>S4_romantic</form>
    <section>ValuesBoundaries</section>
    <subscale>COMM</subscale>
    <text_tr>Tartışmada ses yükseltmek sınır ihlalidir.</text_tr>
    <type>Likert5</type>
    <options_tr>Kesinlikle Katılmıyorum|Katılmıyorum|Kararsızım|Katılıyorum|Kesinlikle Katılıyorum</options_tr>
    <reverse_scored>0</reverse_scored>
    <scoring_key/>
    <weight>1</weight>
    <notes/>
    <display_order/>
  </item>
  <item id="S4_romantic_14">
    <form>S4_romantic</form>
    <section>ValuesBoundaries</section>
    <subscale>PLAN</subscale>
    <text_tr>Gelecek planlarında fikirlerime değer verilmeli.</text_tr>
    <type>Likert5</type>
    <options_tr>Kesinlikle Katılmıyorum|Katılmıyorum|Kararsızım|Katılıyorum|Kesinlikle Katılıyorum</options_tr>
    <reverse_scored>0</reverse_scored>
    <scoring_key/>
    <weight>1</weight>
    <notes/>
    <display_order/>
  </item>
  <item id="S4_romantic_15">
    <form>S4_romantic</form>
    <section>ValuesBoundaries</section>
    <subscale>DIGI</subscale>
    <text_tr>Konum/mesaj denetimi talebi kabul edilemez.</text_tr>
    <type>Likert5</type>
    <options_tr>Kesinlikle Katılmıyorum|Katılmıyorum|Kararsızım|Katılıyorum|Kesinlikle Katılıyorum</options_tr>
    <reverse_scored>0</reverse_scored>
    <scoring_key/>
    <weight>1</weight>
    <notes/>
    <display_order/>
  </item>
  <item id="S4_romantic_16">
    <form>S4_romantic</form>
    <section>ValuesBoundaries</section>
    <subscale>SUPPORT</subscale>
    <text_tr>Zor günlerde yanında olmasını beklerim.</text_tr>
    <type>Likert5</type>
    <options_tr>Kesinlikle Katılmıyorum|Katılmıyorum|Kararsızım|Katılıyorum|Kesinlikle Katılıyorum</options_tr>
    <reverse_scored>0</reverse_scored>
    <scoring_key/>
    <weight>1</weight>
    <notes/>
    <display_order/>
  </item>
  <item id="S4_romantic_17">
    <form>S4_romantic</form>
    <section>ValuesBoundaries</section>
    <subscale>FUN</subscale>
    <text_tr>Birlikte keyifli rutini sürdürmek isterim.</text_tr>
    <type>Likert5</type>
    <options_tr>Kesinlikle Katılmıyorum|Katılmıyorum|Kararsızım|Katılıyorum|Kesinlikle Katılıyorum</options_tr>
    <reverse_scored>0</reverse_scored>
    <scoring_key/>
    <weight>1</weight>
    <notes/>
    <display_order/>
  </item>
  <item id="S4_romantic_18">
    <form>S4_romantic</form>
    <section>ValuesBoundaries</section>
    <subscale>BOUND</subscale>
    <text_tr>Flört/iletişim sınırları net olmalıdır.</text_tr>
    <type>Likert5</type>
    <options_tr>Kesinlikle Katılmıyorum|Katılmıyorum|Kararsızım|Katılıyorum|Kesinlikle Katılıyorum</options_tr>
    <reverse_scored>0</reverse_scored>
    <scoring_key/>
    <weight>1</weight>
    <notes/>
    <display_order/>
  </item>
  <item id="S4_romantic_19">
    <form>S4_romantic</form>
    <section>ValuesBoundaries</section>
    <subscale>TRUST</subscale>
    <text_tr>Şeffaflık ve dürüstlük esastır.</text_tr>
    <type>Likert5</type>
    <options_tr>Kesinlikle Katılmıyorum|Katılmıyorum|Kararsızım|Katılıyorum|Kesinlikle Katılıyorum</options_tr>
    <reverse_scored>0</reverse_scored>
    <scoring_key/>
    <weight>1</weight>
    <notes/>
    <display_order/>
  </item>
  <item id="S4_romantic_20">
    <form>S4_romantic</form>
    <section>ValuesBoundaries</section>
    <subscale>REPAIR</subscale>
    <text_tr>İlişki sorunlarında profesyonel destek opsiyonu açıktır.</text_tr>
    <type>Likert5</type>
    <options_tr>Kesinlikle Katılmıyorum|Katılmıyorum|Kararsızım|Katılıyorum|Kesinlikle Katılıyorum</options_tr>
    <reverse_scored>0</reverse_scored>
    <scoring_key/>
    <weight>1</weight>
    <notes/>
    <display_order/>
  </item>
</items>
