<?xml version="1.0" encoding="utf-8"?>
<items group="S3" count="12">
  <item id="S3_EI_1">
    <form>S3_self</form>
    <section>MBTI</section>
    <subscale>EI</subscale>
    <text_tr>Yoğun bir günün sonunda enerjimi yenilemek için: A) insanlarla vakit geçiririm B) yalnız kalırım</text_tr>
    <type>ForcedChoice2</type>
    <options_tr>A|B</options_tr>
    <reverse_scored>0</reverse_scored>
    <scoring_key>{&quot;A&quot;: &quot;E&quot;, &quot;B&quot;: &quot;I&quot;}</scoring_key>
    <weight>1</weight>
    <notes/>
    <display_order/>
  </item>
  <item id="S3_EI_2">
    <form>S3_self</form>
    <section>MBTI</section>
    <subscale>EI</subscale>
    <text_tr>Yeni bir ortama girdiğimde: A) hızlıca kaynaşırım B) önce gözlemler sonra dahil olurum</text_tr>
    <type>ForcedChoice2</type>
    <options_tr>A|B</options_tr>
    <reverse_scored>0</reverse_scored>
    <scoring_key>{&quot;A&quot;: &quot;E&quot;, &quot;B&quot;: &quot;I&quot;}</scoring_key>
    <weight>1</weight>
    <notes/>
    <display_order/>
  </item>
  <item id="S3_EI_3">
    <form>S3_self</form>
    <section>MBTI</section>
    <subscale>EI</subscale>
    <text_tr>Beyin fırtınasında: A) yüksek sesle düşünürüm B) önce zihnimde netleştiririm</text_tr>
    <type>ForcedChoice2</type>
    <options_tr>A|B</options_tr>
    <reverse_scored>0</reverse_scored>
    <scoring_key>{&quot;A&quot;: &quot;E&quot;, &quot;B&quot;: &quot;I&quot;}</scoring_key>
    <weight>1</weight>
    <notes/>
    <display_order/>
  </item>
  <item id="S3_SN_1">
    <form>S3_self</form>
    <section>MBTI</section>
    <subscale>SN</subscale>
    <text_tr>Bir projeyi tartışırken önce: A) somut detay/kanıt B) büyük resim/olasılık</text_tr>
    <type>ForcedChoice2</type>
    <options_tr>A|B</options_tr>
    <reverse_scored>0</reverse_scored>
    <scoring_key>{&quot;A&quot;: &quot;S&quot;, &quot;B&quot;: &quot;N&quot;}</scoring_key>
    <weight>1</weight>
    <notes/>
    <display_order/>
  </item>
  <item id="S3_SN_2">
    <form>S3_self</form>
    <section>MBTI</section>
    <subscale>SN</subscale>
    <text_tr>Bir konuyu anlamak için: A) mevcut gerçekler B) olası senaryolar</text_tr>
    <type>ForcedChoice2</type>
    <options_tr>A|B</options_tr>
    <reverse_scored>0</reverse_scored>
    <scoring_key>{&quot;A&quot;: &quot;S&quot;, &quot;B&quot;: &quot;N&quot;}</scoring_key>
    <weight>1</weight>
    <notes/>
    <display_order/>
  </item>
  <item id="S3_SN_3">
    <form>S3_self</form>
    <section>MBTI</section>
    <subscale>SN</subscale>
    <text_tr>Yenilik karşısında: A) işe yararlık B) potansiyel fırsat</text_tr>
    <type>ForcedChoice2</type>
    <options_tr>A|B</options_tr>
    <reverse_scored>0</reverse_scored>
    <scoring_key>{&quot;A&quot;: &quot;S&quot;, &quot;B&quot;: &quot;N&quot;}</scoring_key>
    <weight>1</weight>
    <notes/>
    <display_order/>
  </item>
  <item id="S3_TF_1">
    <form>S3_self</form>
    <section>MBTI</section>
    <subscale>TF</subscale>
    <text_tr>Zor bir kararda: A) tutarlılık/adalet B) duygusal etki</text_tr>
    <type>ForcedChoice2</type>
    <options_tr>A|B</options_tr>
    <reverse_scored>0</reverse_scored>
    <scoring_key>{&quot;A&quot;: &quot;T&quot;, &quot;B&quot;: &quot;F&quot;}</scoring_key>
    <weight>1</weight>
    <notes/>
    <display_order/>
  </item>
  <item id="S3_TF_2">
    <form>S3_self</form>
    <section>MBTI</section>
    <subscale>TF</subscale>
    <text_tr>Geri bildirim verirken: A) net/doğrudan B) hissi gözeterek</text_tr>
    <type>ForcedChoice2</type>
    <options_tr>A|B</options_tr>
    <reverse_scored>0</reverse_scored>
    <scoring_key>{&quot;A&quot;: &quot;T&quot;, &quot;B&quot;: &quot;F&quot;}</scoring_key>
    <weight>1</weight>
    <notes/>
    <display_order/>
  </item>
  <item id="S3_TF_3">
    <form>S3_self</form>
    <section>MBTI</section>
    <subscale>TF</subscale>
    <text_tr>Çatışmada: A) problemi mantıkla çözerim B) duygusal etkiyi önce ele alırım</text_tr>
    <type>ForcedChoice2</type>
    <options_tr>A|B</options_tr>
    <reverse_scored>0</reverse_scored>
    <scoring_key>{&quot;A&quot;: &quot;T&quot;, &quot;B&quot;: &quot;F&quot;}</scoring_key>
    <weight>1</weight>
    <notes/>
    <display_order/>
  </item>
  <item id="S3_JP_1">
    <form>S3_self</form>
    <section>MBTI</section>
    <subscale>JP</subscale>
    <text_tr>Planlar: A) net takvim/kapalı uçlu B) seçenekler açık/akışkan</text_tr>
    <type>ForcedChoice2</type>
    <options_tr>A|B</options_tr>
    <reverse_scored>0</reverse_scored>
    <scoring_key>{&quot;A&quot;: &quot;J&quot;, &quot;B&quot;: &quot;P&quot;}</scoring_key>
    <weight>1</weight>
    <notes/>
    <display_order/>
  </item>
  <item id="S3_JP_2">
    <form>S3_self</form>
    <section>MBTI</section>
    <subscale>JP</subscale>
    <text_tr>Son dakika değişimi: A) rahatsız eder B) esnek davranırım</text_tr>
    <type>ForcedChoice2</type>
    <options_tr>A|B</options_tr>
    <reverse_scored>0</reverse_scored>
    <scoring_key>{&quot;A&quot;: &quot;J&quot;, &quot;B&quot;: &quot;P&quot;}</scoring_key>
    <weight>1</weight>
    <notes/>
    <display_order/>
  </item>
  <item id="S3_JP_3">
    <form>S3_self</form>
    <section>MBTI</section>
    <subscale>JP</subscale>
    <text_tr>Görev stili: A) bitişten önce tamamlarım B) son ana kadar seçenekler açık</text_tr>
    <type>ForcedChoice2</type>
    <options_tr>A|B</options_tr>
    <reverse_scored>0</reverse_scored>
    <scoring_key>{&quot;A&quot;: &quot;J&quot;, &quot;B&quot;: &quot;P&quot;}</scoring_key>
    <weight>1</weight>
    <notes/>
    <display_order/>
  </item>
</items>
