<?xml version="1.0" encoding="utf-8"?>
<items group="S0" count="32">
  <item id="S0_CHRONOTYPE">
    <form>S0_profile</form>
    <section>Relationship</section>
    <subscale>Chronotype</subscale>
    <text_tr>Kronotip (Gün içinde en verimli olduğunuz zaman dilimi):</text_tr>
    <type>SingleChoice</type>
    <options_tr>Sabah|Akşam|Karışık</options_tr>
    <reverse_scored>0</reverse_scored>
    <scoring_key/>
    <weight>1</weight>
    <notes/>
    <display_order>13</display_order>
  </item>
  <item id="S0_TIME_BUDGET_HRS">
    <form>S0_profile</form>
    <section>Relationship</section>
    <subscale>TimeBudget</subscale>
    <text_tr>İlişkilere ayırabildiğiniz zaman (haftalık saat):</text_tr>
    <type>Number</type>
    <options_tr/>
    <reverse_scored>0</reverse_scored>
    <scoring_key/>
    <weight>1</weight>
    <notes/>
    <display_order>14</display_order>
  </item>
  <item id="S0_VALUES_TOP3">
    <form>S0_profile</form>
    <section>Values</section>
    <subscale>Top3</subscale>
    <text_tr>Öncelikli değerlerim (en fazla 3 seçiniz):</text_tr>
    <type>MultiSelect</type>
    <options_tr>Dürüstlük|Sadakat|Özgürlük|Adalet|Başarı|Şefkat|Düzen|Yaratıcılık|Macera|Güvenlik|Saygı</options_tr>
    <reverse_scored>0</reverse_scored>
    <scoring_key/>
    <weight>1</weight>
    <notes>Maksimum 3 önerilir.</notes>
    <display_order>24</display_order>
  </item>
  <item id="S0_MONEY_TALK_EASE">
    <form>S0_profile</form>
    <section>Values</section>
    <subscale>MoneyTalk</subscale>
    <text_tr>Para/sorumluluk konuşma rahatlığım:</text_tr>
    <type>Likert5</type>
    <options_tr>Çok Az|Az|Orta|Fazla|Çok Fazla</options_tr>
    <reverse_scored>0</reverse_scored>
    <scoring_key/>
    <weight>1</weight>
    <notes/>
    <display_order>25</display_order>
  </item>
  <item id="S0_SOCIAL_VIS_EASE">
    <form>S0_profile</form>
    <section>Values</section>
    <subscale>SocialVisibility</subscale>
    <text_tr>Sosyal medya görünürlüğü rahatlığım:</text_tr>
    <type>Likert5</type>
    <options_tr>Çok Az|Az|Orta|Fazla|Çok Fazla</options_tr>
    <reverse_scored>0</reverse_scored>
    <scoring_key/>
    <weight>1</weight>
    <notes/>
    <display_order>26</display_order>
  </item>
  <item id="S0_SUPPORT_SIZE">
    <form>S0_profile</form>
    <section>Support</section>
    <subscale>Circle</subscale>
    <text_tr>Yakın destek halkası (kişi sayısı):</text_tr>
    <type>Number</type>
    <options_tr/>
    <reverse_scored>0</reverse_scored>
    <scoring_key/>
    <weight>1</weight>
    <notes/>
    <display_order>27</display_order>
  </item>
  <item id="S0_LOVE_LANG_ORDER">
    <form>S0_profile</form>
    <section>Romantic</section>
    <subscale>LoveLangs</subscale>
    <text_tr>Sevgi dillerim (öncelik sırası—seçim sırasına göre):</text_tr>
    <type>RankedMulti</type>
    <options_tr>Onay sözleri|Kaliteli zaman|Hizmet|Hediye|Temas</options_tr>
    <reverse_scored>0</reverse_scored>
    <scoring_key/>
    <weight>1</weight>
    <notes>Sadece romantik bağlamda gösterin.</notes>
    <display_order>29</display_order>
  </item>
  <item id="S0_TOUCH_COMFORT">
    <form>S0_profile</form>
    <section>Romantic</section>
    <subscale>TouchComfort</subscale>
    <text_tr>Fiziksel temas rahatlığım:</text_tr>
    <type>Likert5</type>
    <options_tr>Çok Az|Az|Orta|Fazla|Çok Fazla</options_tr>
    <reverse_scored>0</reverse_scored>
    <scoring_key/>
    <weight>1</weight>
    <notes>Sadece romantik bağlamda gösterin.</notes>
    <display_order>30</display_order>
  </item>
  <item id="S0_CONSENT">
    <form>S0_profile</form>
    <section>Consent</section>
    <subscale>Use</subscale>
    <text_tr>Analiz ve koçluk için verdiğim bilgilerin işlenmesini onaylıyorum.</text_tr>
    <type>SingleChoice</type>
    <options_tr>Evet|Hayır</options_tr>
    <reverse_scored>0</reverse_scored>
    <scoring_key/>
    <weight>1</weight>
    <notes/>
    <display_order>31</display_order>
  </item>
  <item id="S0_LIKES">
    <form>S0_profile</form>
    <section>Preferences</section>
    <subscale>Likes</subscale>
    <text_tr>Sevdiğiniz şeyler (aktiviteler insanlar ortamlar):</text_tr>
    <type>OpenText</type>
    <options_tr/>
    <reverse_scored>0</reverse_scored>
    <scoring_key/>
    <weight>1</weight>
    <notes>Örn: Açık havada vakit geçirmek, derin sohbetler, yeni yerler keşfetmek...</notes>
    <display_order>16</display_order>
  </item>
  <item id="S0_DISLIKES">
    <form>S0_profile</form>
    <section>Preferences</section>
    <subscale>Dislikes</subscale>
    <text_tr>Sevmediğiniz / kaçındığınız şeyler:</text_tr>
    <type>OpenText</type>
    <options_tr/>
    <reverse_scored>0</reverse_scored>
    <scoring_key/>
    <weight>1</weight>
    <notes>Örn: Gürültülü ortamlar, geç kalınması, yalan söylenmesi...</notes>
    <display_order>17</display_order>
  </item>
  <item id="S0_REL_GOALS">
    <form>S0_profile</form>
    <section>Goals</section>
    <subscale>RelGoals</subscale>
    <text_tr>İlişkilerde kısa/orta vadeli hedefleriniz:</text_tr>
    <type>OpenText</type>
    <options_tr/>
    <reverse_scored>0</reverse_scored>
    <scoring_key/>
    <weight>1</weight>
    <notes>Örn: Daha iyi iletişim kurmak, güven inşa etmek, sınırları belirlemek...</notes>
    <display_order>19</display_order>
  </item>
  <item id="S0_BOUNDARIES">
    <form>S0_profile</form>
    <section>Goals</section>
    <subscale>Boundaries</subscale>
    <text_tr>Sınırlarınız / kırmızı çizgileriniz:</text_tr>
    <type>OpenText</type>
    <options_tr/>
    <reverse_scored>0</reverse_scored>
    <scoring_key/>
    <weight>1</weight>
    <notes>Örn: Yalan, aldatma, saygısızlık, şiddet...</notes>
    <display_order>20</display_order>
  </item>
  <item id="S0_TOP_CHALLENGES">
    <form>S0_profile</form>
    <section>Challenges</section>
    <subscale>TopChallenges</subscale>
    <text_tr>Sizi şu an en çok zorlayan konular:</text_tr>
    <type>OpenText</type>
    <options_tr/>
    <reverse_scored>0</reverse_scored>
    <scoring_key/>
    <weight>1</weight>
    <notes>Örn: İş yükü, aile ilişkileri, maddi konular, sağlık...</notes>
    <display_order>21</display_order>
  </item>
  <item id="S0_NEAR_TERM">
    <form>S0_profile</form>
    <section>Challenges</section>
    <subscale>NearTerm</subscale>
    <text_tr>Yakın zamanda çözmeniz gereken güçlük(ler):</text_tr>
    <type>OpenText</type>
    <options_tr/>
    <reverse_scored>0</reverse_scored>
    <scoring_key/>
    <weight>1</weight>
    <notes>Örn: Yeni iş bulma, taşınma, borç ödeme, sınav hazırlık...</notes>
    <display_order>22</display_order>
  </item>
  <item id="S0_TRIGGERS">
    <form>S0_profile</form>
    <section>Challenges</section>
    <subscale>Triggers</subscale>
    <text_tr>Bilinen çatışma tetikleyicilerim:</text_tr>
    <type>OpenText</type>
    <options_tr/>
    <reverse_scored>0</reverse_scored>
    <scoring_key/>
    <weight>1</weight>
    <notes>Örn: Alaycı üslup, eleştiri, plansızlık, ses tonu...</notes>
    <display_order>23</display_order>
  </item>
  <item id="S0_COPING">
    <form>S0_profile</form>
    <section>Support</section>
    <subscale>Coping</subscale>
    <text_tr>Sık kullandığım başa çıkma stratejileri:</text_tr>
    <type>OpenText</type>
    <options_tr/>
    <reverse_scored>0</reverse_scored>
    <scoring_key/>
    <weight>1</weight>
    <notes>Örn: Yürüyüş, meditasyon, müzik dinleme, arkadaşlarla konuşma...</notes>
    <display_order>28</display_order>
  </item>
  <item id="S0_WHY_NEED">
    <form>S0_profile</form>
    <section>Consent</section>
    <subscale>WhyNeed</subscale>
    <text_tr>Bu uygulamaya neden ihtiyaç duydunuz? (Anket amaçlı değil sizi tanımak ve ihtiyaçlarınızı anlamak için)</text_tr>
    <type>OpenText</type>
    <options_tr/>
    <reverse_scored>0</reverse_scored>
    <scoring_key/>
    <weight>1</weight>
    <notes>Örn: İlişkilerimi geliştirmek, kendimi tanımak, çatışmaları çözmek istiyorum...</notes>
    <display_order>32</display_order>
  </item>
  <item id="S0_AGE">
    <form>S0_profile</form>
    <section>Demographics</section>
    <subscale>Age</subscale>
    <text_tr>Yaşınız (sayı olarak):</text_tr>
    <type>Number</type>
    <options_tr/>
    <reverse_scored>0</reverse_scored>
    <scoring_key/>
    <weight>1</weight>
    <notes/>
    <display_order>1</display_order>
  </item>
  <item id="S0_GENDER">
    <form>S0_profile</form>
    <section>Demographics</section>
    <subscale>Gender</subscale>
    <text_tr>Cinsiyetiniz (opsiyonel):</text_tr>
    <type>SingleChoice</type>
    <options_tr>Kadın|Erkek|Diğer|Belirtmek istemiyorum</options_tr>
    <reverse_scored>0</reverse_scored>
    <scoring_key/>
    <weight>1</weight>
    <notes/>
    <display_order>2</display_order>
  </item>
  <item id="S0_WORK_STATUS">
    <form>S0_profile</form>
    <section>EducationWork</section>
    <subscale>WorkStatus</subscale>
    <text_tr>Şu an çalışma durumunuz:</text_tr>
    <type>SingleChoice</type>
    <options_tr>Çalışıyorum|Çalışmıyorum|İş arıyorum|Serbest</options_tr>
    <reverse_scored>0</reverse_scored>
    <scoring_key/>
    <weight>1</weight>
    <notes/>
    <display_order>3</display_order>
  </item>
  <item id="S0_STUDY_ACTIVE">
    <form>S0_profile</form>
    <section>EducationWork</section>
    <subscale>StudyActive</subscale>
    <text_tr>Öğrenim durumunuz:</text_tr>
    <type>SingleChoice</type>
    <options_tr>Okuyorum|Okumuyorum</options_tr>
    <reverse_scored>0</reverse_scored>
    <scoring_key/>
    <weight>1</weight>
    <notes/>
    <display_order>4</display_order>
  </item>
  <item id="S0_SCHOOL_TYPE">
    <form>S0_profile</form>
    <section>EducationWork</section>
    <subscale>SchoolType</subscale>
    <text_tr>Son/Güncel okul türü:</text_tr>
    <type>SingleChoice</type>
    <options_tr>Lise|Ön lisans|Lisans (Üniversite)|Yüksek Lisans|Doktora|Diğer</options_tr>
    <reverse_scored>0</reverse_scored>
    <scoring_key/>
    <weight>1</weight>
    <notes>Etiket: Okuyorum→Güncel okul; Okumuyorum→Son mezun olunan okul</notes>
    <display_order>5</display_order>
  </item>
  <item id="S0_WORK_PACE">
    <form>S0_profile</form>
    <section>EducationWork</section>
    <subscale>Pace</subscale>
    <text_tr>Çalışma/okul temposu:</text_tr>
    <type>SingleChoice</type>
    <options_tr>Düzenli mesai|Vardiya|Serbest|Yoğun dönemli</options_tr>
    <reverse_scored>0</reverse_scored>
    <scoring_key/>
    <weight>1</weight>
    <notes/>
    <display_order>7</display_order>
  </item>
  <item id="S0_STRESS_NOW">
    <form>S0_profile</form>
    <section>EducationWork</section>
    <subscale>Stress</subscale>
    <text_tr>Güncel stres düzeyim:</text_tr>
    <type>Likert5</type>
    <options_tr>Çok Az|Az|Orta|Fazla|Çok Fazla</options_tr>
    <reverse_scored>0</reverse_scored>
    <scoring_key/>
    <weight>1</weight>
    <notes/>
    <display_order>8</display_order>
  </item>
  <item id="S0_COMMUTE_MIN">
    <form>S0_profile</form>
    <section>EducationWork</section>
    <subscale>Commute</subscale>
    <text_tr>Günlük yol/lojistik yük (dakika):</text_tr>
    <type>Number</type>
    <options_tr/>
    <reverse_scored>0</reverse_scored>
    <scoring_key/>
    <weight>1</weight>
    <notes>Opsiyonel</notes>
    <display_order>9</display_order>
  </item>
  <item id="S0_REL_STATUS">
    <form>S0_profile</form>
    <section>Relationship</section>
    <subscale>Status</subscale>
    <text_tr>Medeni/İlişki durumunuz:</text_tr>
    <type>SingleChoice</type>
    <options_tr>Bekâr|İlişkim var|Nişanlı|Evli|Ayrı yaşıyorum|Boşanmış|Diğer</options_tr>
    <reverse_scored>0</reverse_scored>
    <scoring_key/>
    <weight>1</weight>
    <notes/>
    <display_order>10</display_order>
  </item>
  <item id="S0_LIVE_WITH">
    <form>S0_profile</form>
    <section>Relationship</section>
    <subscale>Household</subscale>
    <text_tr>Birlikte yaşadıklarım:</text_tr>
    <type>MultiSelect</type>
    <options_tr>Yalnız|Ailemle|Ev arkadaşı|Partner|Çocuk(lar)|Bakımını üstlendiğim biri</options_tr>
    <reverse_scored>0</reverse_scored>
    <scoring_key/>
    <weight>1</weight>
    <notes/>
    <display_order>11</display_order>
  </item>
  <item id="S0_CARE_DUTIES">
    <form>S0_profile</form>
    <section>Relationship</section>
    <subscale>Care</subscale>
    <text_tr>Bakım sorumluluğu:</text_tr>
    <type>MultiSelect</type>
    <options_tr>Çocuk|Yaşlı yakını|Engelli yakını|Evcil hayvan|Yok</options_tr>
    <reverse_scored>0</reverse_scored>
    <scoring_key/>
    <weight>1</weight>
    <notes/>
    <display_order>12</display_order>
  </item>
  <item id="S0_SCHOOL_FIELD">
    <form>S0_profile</form>
    <section>EducationWork</section>
    <subscale>SchoolField</subscale>
    <text_tr>Bölüm/Alan:</text_tr>
    <type>OpenText</type>
    <options_tr/>
    <reverse_scored>0</reverse_scored>
    <scoring_key/>
    <weight>1</weight>
    <notes>Örn: Bilgisayar Mühendisliği, İşletme, Tıp, Hukuk...</notes>
    <display_order>6</display_order>
  </item>
  <item id="S0_HOBBIES">
    <form>S0_profile</form>
    <section>Preferences</section>
    <subscale>Hobbies</subscale>
    <text_tr>Hobileriniz / ilgi alanlarınız:</text_tr>
    <type>OpenText</type>
    <options_tr/>
    <reverse_scored>0</reverse_scored>
    <scoring_key/>
    <weight>1</weight>
    <notes>Örn: Kitap okuma, yüzme, müzik, doğa yürüyüşü, yemek yapma...</notes>
    <display_order>15</display_order>
  </item>
  <item id="S0_LIFE_GOAL">
    <form>S0_profile</form>
    <section>Goals</section>
    <subscale>LifePurpose</subscale>
    <text_tr>Hayattaki amacınız / yönünüz:</text_tr>
    <type>OpenText</type>
    <options_tr/>
    <reverse_scored>0</reverse_scored>
    <scoring_key/>
    <weight>1</weight>
    <notes>Örn: İnsanlara yardım etmek, sürekli öğrenmek, aileme iyi bir hayat sağlamak...</notes>
    <display_order>18</display_order>
  </item>
</items>
