<?xml version="1.0" encoding="utf-8"?>
<items group="S1" count="72">
  <item id="S1_BF_E1">
    <form>S1_self</form>
    <section>BigFive</section>
    <subscale>E</subscale>
    <text_tr>Sosyal ortamlarda enerji toplarım.</text_tr>
    <type>Likert5</type>
    <options_tr>Kesinlikle Katılmıyorum|Katılmıyorum|Kararsızım|Katılıyorum|Kesinlikle Katılıyorum</options_tr>
    <reverse_scored>0</reverse_scored>
    <scoring_key/>
    <weight>1</weight>
    <notes/>
    <display_order/>
  </item>
  <item id="S1_BF_E2">
    <form>S1_self</form>
    <section>BigFive</section>
    <subscale>E</subscale>
    <text_tr>Yeni insanlarla tanışmak beni heyecanlandırır.</text_tr>
    <type>Likert5</type>
    <options_tr>Kesinlikle Katılmıyorum|Katılmıyorum|Kararsızım|Katılıyorum|Kesinlikle Katılıyorum</options_tr>
    <reverse_scored>0</reverse_scored>
    <scoring_key/>
    <weight>1</weight>
    <notes/>
    <display_order/>
  </item>
  <item id="S1_BF_E3">
    <form>S1_self</form>
    <section>BigFive</section>
    <subscale>E</subscale>
    <text_tr>Kalabalık etkinlikler beni yorar.</text_tr>
    <type>Likert5</type>
    <options_tr>Kesinlikle Katılmıyorum|Katılmıyorum|Kararsızım|Katılıyorum|Kesinlikle Katılıyorum</options_tr>
    <reverse_scored>1</reverse_scored>
    <scoring_key/>
    <weight>1</weight>
    <notes/>
    <display_order/>
  </item>
  <item id="S1_BF_E4">
    <form>S1_self</form>
    <section>BigFive</section>
    <subscale>E</subscale>
    <text_tr>Topluluk önünde konuşmaktan keyif alırım.</text_tr>
    <type>Likert5</type>
    <options_tr>Kesinlikle Katılmıyorum|Katılmıyorum|Kararsızım|Katılıyorum|Kesinlikle Katılıyorum</options_tr>
    <reverse_scored>0</reverse_scored>
    <scoring_key/>
    <weight>1</weight>
    <notes/>
    <display_order/>
  </item>
  <item id="S1_BF_A1">
    <form>S1_self</form>
    <section>BigFive</section>
    <subscale>A</subscale>
    <text_tr>İnsanların bakış açısını anlamaya çalışırım.</text_tr>
    <type>Likert5</type>
    <options_tr>Kesinlikle Katılmıyorum|Katılmıyorum|Kararsızım|Katılıyorum|Kesinlikle Katılıyorum</options_tr>
    <reverse_scored>0</reverse_scored>
    <scoring_key/>
    <weight>1</weight>
    <notes/>
    <display_order/>
  </item>
  <item id="S1_BF_A2">
    <form>S1_self</form>
    <section>BigFive</section>
    <subscale>A</subscale>
    <text_tr>Anlaşmazlıklarda empati kurarım.</text_tr>
    <type>Likert5</type>
    <options_tr>Kesinlikle Katılmıyorum|Katılmıyorum|Kararsızım|Katılıyorum|Kesinlikle Katılıyorum</options_tr>
    <reverse_scored>0</reverse_scored>
    <scoring_key/>
    <weight>1</weight>
    <notes/>
    <display_order/>
  </item>
  <item id="S1_BF_A3">
    <form>S1_self</form>
    <section>BigFive</section>
    <subscale>A</subscale>
    <text_tr>Eleştirirken sözlerimi özenle seçerim.</text_tr>
    <type>Likert5</type>
    <options_tr>Kesinlikle Katılmıyorum|Katılmıyorum|Kararsızım|Katılıyorum|Kesinlikle Katılıyorum</options_tr>
    <reverse_scored>0</reverse_scored>
    <scoring_key/>
    <weight>1</weight>
    <notes/>
    <display_order/>
  </item>
  <item id="S1_BF_A4">
    <form>S1_self</form>
    <section>BigFive</section>
    <subscale>A</subscale>
    <text_tr>Kendi ihtiyaçlarımı her zaman öne koyarım.</text_tr>
    <type>Likert5</type>
    <options_tr>Kesinlikle Katılmıyorum|Katılmıyorum|Kararsızım|Katılıyorum|Kesinlikle Katılıyorum</options_tr>
    <reverse_scored>1</reverse_scored>
    <scoring_key/>
    <weight>1</weight>
    <notes/>
    <display_order/>
  </item>
  <item id="S1_BF_C1">
    <form>S1_self</form>
    <section>BigFive</section>
    <subscale>C</subscale>
    <text_tr>Planları önceden yapar ve takip ederim.</text_tr>
    <type>Likert5</type>
    <options_tr>Kesinlikle Katılmıyorum|Katılmıyorum|Kararsızım|Katılıyorum|Kesinlikle Katılıyorum</options_tr>
    <reverse_scored>0</reverse_scored>
    <scoring_key/>
    <weight>1</weight>
    <notes/>
    <display_order/>
  </item>
  <item id="S1_BF_C2">
    <form>S1_self</form>
    <section>BigFive</section>
    <subscale>C</subscale>
    <text_tr>Detayları gözden kaçırmam.</text_tr>
    <type>Likert5</type>
    <options_tr>Kesinlikle Katılmıyorum|Katılmıyorum|Kararsızım|Katılıyorum|Kesinlikle Katılıyorum</options_tr>
    <reverse_scored>0</reverse_scored>
    <scoring_key/>
    <weight>1</weight>
    <notes/>
    <display_order/>
  </item>
  <item id="S1_BF_C3">
    <form>S1_self</form>
    <section>BigFive</section>
    <subscale>C</subscale>
    <text_tr>Son dakika işleri severim.</text_tr>
    <type>Likert5</type>
    <options_tr>Kesinlikle Katılmıyorum|Katılmıyorum|Kararsızım|Katılıyorum|Kesinlikle Katılıyorum</options_tr>
    <reverse_scored>1</reverse_scored>
    <scoring_key/>
    <weight>1</weight>
    <notes/>
    <display_order/>
  </item>
  <item id="S1_BF_C4">
    <form>S1_self</form>
    <section>BigFive</section>
    <subscale>C</subscale>
    <text_tr>Söz verdiğim işi vaktinde bitiririm.</text_tr>
    <type>Likert5</type>
    <options_tr>Kesinlikle Katılmıyorum|Katılmıyorum|Kararsızım|Katılıyorum|Kesinlikle Katılıyorum</options_tr>
    <reverse_scored>0</reverse_scored>
    <scoring_key/>
    <weight>1</weight>
    <notes/>
    <display_order/>
  </item>
  <item id="S1_BF_N1">
    <form>S1_self</form>
    <section>BigFive</section>
    <subscale>N</subscale>
    <text_tr>Stresliyken kolayca gerginleşirim.</text_tr>
    <type>Likert5</type>
    <options_tr>Kesinlikle Katılmıyorum|Katılmıyorum|Kararsızım|Katılıyorum|Kesinlikle Katılıyorum</options_tr>
    <reverse_scored>0</reverse_scored>
    <scoring_key/>
    <weight>1</weight>
    <notes/>
    <display_order/>
  </item>
  <item id="S1_BF_N2">
    <form>S1_self</form>
    <section>BigFive</section>
    <subscale>N</subscale>
    <text_tr>Eleştirilere karşı hassasım.</text_tr>
    <type>Likert5</type>
    <options_tr>Kesinlikle Katılmıyorum|Katılmıyorum|Kararsızım|Katılıyorum|Kesinlikle Katılıyorum</options_tr>
    <reverse_scored>0</reverse_scored>
    <scoring_key/>
    <weight>1</weight>
    <notes/>
    <display_order/>
  </item>
  <item id="S1_BF_N3">
    <form>S1_self</form>
    <section>BigFive</section>
    <subscale>N</subscale>
    <text_tr>Zor durumda soğukkanlı kalırım.</text_tr>
    <type>Likert5</type>
    <options_tr>Kesinlikle Katılmıyorum|Katılmıyorum|Kararsızım|Katılıyorum|Kesinlikle Katılıyorum</options_tr>
    <reverse_scored>1</reverse_scored>
    <scoring_key/>
    <weight>1</weight>
    <notes/>
    <display_order/>
  </item>
  <item id="S1_BF_N4">
    <form>S1_self</form>
    <section>BigFive</section>
    <subscale>N</subscale>
    <text_tr>Gelecek hakkında sık endişe duyarım.</text_tr>
    <type>Likert5</type>
    <options_tr>Kesinlikle Katılmıyorum|Katılmıyorum|Kararsızım|Katılıyorum|Kesinlikle Katılıyorum</options_tr>
    <reverse_scored>0</reverse_scored>
    <scoring_key/>
    <weight>1</weight>
    <notes/>
    <display_order/>
  </item>
  <item id="S1_BF_O1">
    <form>S1_self</form>
    <section>BigFive</section>
    <subscale>O</subscale>
    <text_tr>Yeni fikir ve deneyimlere açığım.</text_tr>
    <type>Likert5</type>
    <options_tr>Kesinlikle Katılmıyorum|Katılmıyorum|Kararsızım|Katılıyorum|Kesinlikle Katılıyorum</options_tr>
    <reverse_scored>0</reverse_scored>
    <scoring_key/>
    <weight>1</weight>
    <notes/>
    <display_order/>
  </item>
  <item id="S1_BF_O2">
    <form>S1_self</form>
    <section>BigFive</section>
    <subscale>O</subscale>
    <text_tr>Rutini kırmayı severim.</text_tr>
    <type>Likert5</type>
    <options_tr>Kesinlikle Katılmıyorum|Katılmıyorum|Kararsızım|Katılıyorum|Kesinlikle Katılıyorum</options_tr>
    <reverse_scored>0</reverse_scored>
    <scoring_key/>
    <weight>1</weight>
    <notes/>
    <display_order/>
  </item>
  <item id="S1_BF_O3">
    <form>S1_self</form>
    <section>BigFive</section>
    <subscale>O</subscale>
    <text_tr>Alışılmış yöntemler dışına çıkmam.</text_tr>
    <type>Likert5</type>
    <options_tr>Kesinlikle Katılmıyorum|Katılmıyorum|Kararsızım|Katılıyorum|Kesinlikle Katılıyorum</options_tr>
    <reverse_scored>1</reverse_scored>
    <scoring_key/>
    <weight>1</weight>
    <notes/>
    <display_order/>
  </item>
  <item id="S1_BF_O4">
    <form>S1_self</form>
    <section>BigFive</section>
    <subscale>O</subscale>
    <text_tr>Sanat/yaratıcılık içeren şeylerden keyif alırım.</text_tr>
    <type>Likert5</type>
    <options_tr>Kesinlikle Katılmıyorum|Katılmıyorum|Kararsızım|Katılıyorum|Kesinlikle Katılıyorum</options_tr>
    <reverse_scored>0</reverse_scored>
    <scoring_key/>
    <weight>1</weight>
    <notes/>
    <display_order/>
  </item>
  <item id="S1_MB_FC1">
    <form>S1_self</form>
    <section>MBTI</section>
    <subscale>EI</subscale>
    <text_tr>A) Kalabalıkta enerji toplarım  |  B) Yalnız kalarak şarj olurum</text_tr>
    <type>ForcedChoice2</type>
    <options_tr>A|B</options_tr>
    <reverse_scored>0</reverse_scored>
    <scoring_key>{&quot;A&quot;:&quot;EI:E&quot;,&quot;B&quot;:&quot;EI:I&quot;}</scoring_key>
    <weight>1</weight>
    <notes>Ipsatif (sosyal beğenirlik azaltma)</notes>
    <display_order/>
  </item>
  <item id="S1_MB_FC2">
    <form>S1_self</form>
    <section>MBTI</section>
    <subscale>EI</subscale>
    <text_tr>A) Yeni insanlarla hızla bağ kurarım  |  B) Önce gözlemler sonra açılırım</text_tr>
    <type>ForcedChoice2</type>
    <options_tr>A|B</options_tr>
    <reverse_scored>0</reverse_scored>
    <scoring_key>{&quot;A&quot;:&quot;EI:E&quot;,&quot;B&quot;:&quot;EI:I&quot;}</scoring_key>
    <weight>1</weight>
    <notes/>
    <display_order/>
  </item>
  <item id="S1_MB_FC3">
    <form>S1_self</form>
    <section>MBTI</section>
    <subscale>EI</subscale>
    <text_tr>A) Yüksek sesli ve hareketli ortamlar beni canlandırır  |  B) Sessiz ve sakin ortamları tercih ederim</text_tr>
    <type>ForcedChoice2</type>
    <options_tr>A|B</options_tr>
    <reverse_scored>0</reverse_scored>
    <scoring_key>{&quot;A&quot;:&quot;EI:E&quot;,&quot;B&quot;:&quot;EI:I&quot;}</scoring_key>
    <weight>1</weight>
    <notes/>
    <display_order/>
  </item>
  <item id="S1_MB_FC4">
    <form>S1_self</form>
    <section>MBTI</section>
    <subscale>SN</subscale>
    <text_tr>A) Gerçekler ve kanıtlar  |  B) Fikirler ve olasılıklar beni daha çok cezbeder</text_tr>
    <type>ForcedChoice2</type>
    <options_tr>A|B</options_tr>
    <reverse_scored>0</reverse_scored>
    <scoring_key>{&quot;A&quot;:&quot;SN:S&quot;,&quot;B&quot;:&quot;SN:N&quot;}</scoring_key>
    <weight>1</weight>
    <notes/>
    <display_order/>
  </item>
  <item id="S1_MB_FC5">
    <form>S1_self</form>
    <section>MBTI</section>
    <subscale>SN</subscale>
    <text_tr>A) Detaylara odaklanırım  |  B) Büyük resmi görmeyi tercih ederim</text_tr>
    <type>ForcedChoice2</type>
    <options_tr>A|B</options_tr>
    <reverse_scored>0</reverse_scored>
    <scoring_key>{&quot;A&quot;:&quot;SN:S&quot;,&quot;B&quot;:&quot;SN:N&quot;}</scoring_key>
    <weight>1</weight>
    <notes/>
    <display_order/>
  </item>
  <item id="S1_MB_FC6">
    <form>S1_self</form>
    <section>MBTI</section>
    <subscale>SN</subscale>
    <text_tr>A) Mevcut duruma dayanırım  |  B) Gelecekteki potansiyeli merak ederim</text_tr>
    <type>ForcedChoice2</type>
    <options_tr>A|B</options_tr>
    <reverse_scored>0</reverse_scored>
    <scoring_key>{&quot;A&quot;:&quot;SN:S&quot;,&quot;B&quot;:&quot;SN:N&quot;}</scoring_key>
    <weight>1</weight>
    <notes/>
    <display_order/>
  </item>
  <item id="S1_MB_FC7">
    <form>S1_self</form>
    <section>MBTI</section>
    <subscale>TF</subscale>
    <text_tr>A) Kararda tutarlılık ve mantık  |  B) Etki ve duygular önceliklidir</text_tr>
    <type>ForcedChoice2</type>
    <options_tr>A|B</options_tr>
    <reverse_scored>0</reverse_scored>
    <scoring_key>{&quot;A&quot;:&quot;TF:T&quot;,&quot;B&quot;:&quot;TF:F&quot;}</scoring_key>
    <weight>1</weight>
    <notes/>
    <display_order/>
  </item>
  <item id="S1_MB_FC8">
    <form>S1_self</form>
    <section>MBTI</section>
    <subscale>TF</subscale>
    <text_tr>A) Doğrudan geri bildirim veririm  |  B) İncitmemek için dili yumuşatırım</text_tr>
    <type>ForcedChoice2</type>
    <options_tr>A|B</options_tr>
    <reverse_scored>0</reverse_scored>
    <scoring_key>{&quot;A&quot;:&quot;TF:T&quot;,&quot;B&quot;:&quot;TF:F&quot;}</scoring_key>
    <weight>1</weight>
    <notes/>
    <display_order/>
  </item>
  <item id="S1_MB_FC9">
    <form>S1_self</form>
    <section>MBTI</section>
    <subscale>TF</subscale>
    <text_tr>A) Adalet ve ilke  |  B) İlişki ve uyum önce gelir</text_tr>
    <type>ForcedChoice2</type>
    <options_tr>A|B</options_tr>
    <reverse_scored>0</reverse_scored>
    <scoring_key>{&quot;A&quot;:&quot;TF:T&quot;,&quot;B&quot;:&quot;TF:F&quot;}</scoring_key>
    <weight>1</weight>
    <notes/>
    <display_order/>
  </item>
  <item id="S1_MB_FC10">
    <form>S1_self</form>
    <section>MBTI</section>
    <subscale>JP</subscale>
    <text_tr>A) Plan ve takvim isterim  |  B) Esnek kalmayı severim</text_tr>
    <type>ForcedChoice2</type>
    <options_tr>A|B</options_tr>
    <reverse_scored>0</reverse_scored>
    <scoring_key>{&quot;A&quot;:&quot;JP:J&quot;,&quot;B&quot;:&quot;JP:P&quot;}</scoring_key>
    <weight>1</weight>
    <notes/>
    <display_order/>
  </item>
  <item id="S1_MB_FC11">
    <form>S1_self</form>
    <section>MBTI</section>
    <subscale>JP</subscale>
    <text_tr>A) Kararı hızlıca kapatırım  |  B) Seçenekleri bir süre açık tutarım</text_tr>
    <type>ForcedChoice2</type>
    <options_tr>A|B</options_tr>
    <reverse_scored>0</reverse_scored>
    <scoring_key>{&quot;A&quot;:&quot;JP:J&quot;,&quot;B&quot;:&quot;JP:P&quot;}</scoring_key>
    <weight>1</weight>
    <notes/>
    <display_order/>
  </item>
  <item id="S1_MB_FC12">
    <form>S1_self</form>
    <section>MBTI</section>
    <subscale>JP</subscale>
    <text_tr>A) Belirsizlik rahatsız eder  |  B) Akışına bırakabilirim</text_tr>
    <type>ForcedChoice2</type>
    <options_tr>A|B</options_tr>
    <reverse_scored>0</reverse_scored>
    <scoring_key>{&quot;A&quot;:&quot;JP:J&quot;,&quot;B&quot;:&quot;JP:P&quot;}</scoring_key>
    <weight>1</weight>
    <notes/>
    <display_order/>
  </item>
  <item id="S1_AT_ANX1">
    <form>S1_self</form>
    <section>Attachment</section>
    <subscale>ANX</subscale>
    <text_tr>Partnerim geç yanıt verdiğinde huzursuz olurum.</text_tr>
    <type>Likert5</type>
    <options_tr>Kesinlikle Katılmıyorum|Katılmıyorum|Kararsızım|Katılıyorum|Kesinlikle Katılıyorum</options_tr>
    <reverse_scored>0</reverse_scored>
    <scoring_key/>
    <weight>1</weight>
    <notes>ECR-R esinli</notes>
    <display_order/>
  </item>
  <item id="S1_AT_ANX2">
    <form>S1_self</form>
    <section>Attachment</section>
    <subscale>ANX</subscale>
    <text_tr>İlişkide sık sık güvence ihtiyacı hissederim.</text_tr>
    <type>Likert5</type>
    <options_tr>Kesinlikle Katılmıyorum|Katılmıyorum|Kararsızım|Katılıyorum|Kesinlikle Katılıyorum</options_tr>
    <reverse_scored>0</reverse_scored>
    <scoring_key/>
    <weight>1</weight>
    <notes/>
    <display_order/>
  </item>
  <item id="S1_AT_ANX3">
    <form>S1_self</form>
    <section>Attachment</section>
    <subscale>ANX</subscale>
    <text_tr>Terk edilme korkusu zaman zaman aklıma gelir.</text_tr>
    <type>Likert5</type>
    <options_tr>Kesinlikle Katılmıyorum|Katılmıyorum|Kararsızım|Katılıyorum|Kesinlikle Katılıyorum</options_tr>
    <reverse_scored>0</reverse_scored>
    <scoring_key/>
    <weight>1</weight>
    <notes/>
    <display_order/>
  </item>
  <item id="S1_AT_ANX4">
    <form>S1_self</form>
    <section>Attachment</section>
    <subscale>ANX</subscale>
    <text_tr>Partnerimin sevgisini kanıtlamasına sık ihtiyaç duyarım.</text_tr>
    <type>Likert5</type>
    <options_tr>Kesinlikle Katılmıyorum|Katılmıyorum|Kararsızım|Katılıyorum|Kesinlikle Katılıyorum</options_tr>
    <reverse_scored>0</reverse_scored>
    <scoring_key/>
    <weight>1</weight>
    <notes/>
    <display_order/>
  </item>
  <item id="S1_AT_ANX5">
    <form>S1_self</form>
    <section>Attachment</section>
    <subscale>ANX</subscale>
    <text_tr>İlişkiyle ilgili olumsuz senaryoları zihnimde canlandırırım.</text_tr>
    <type>Likert5</type>
    <options_tr>Kesinlikle Katılmıyorum|Katılmıyorum|Kararsızım|Katılıyorum|Kesinlikle Katılıyorum</options_tr>
    <reverse_scored>0</reverse_scored>
    <scoring_key/>
    <weight>1</weight>
    <notes/>
    <display_order/>
  </item>
  <item id="S1_AT_ANX6">
    <form>S1_self</form>
    <section>Attachment</section>
    <subscale>ANX</subscale>
    <text_tr>Partnerimle aram bozulduğunda hızla paniğe kapılırım.</text_tr>
    <type>Likert5</type>
    <options_tr>Kesinlikle Katılmıyorum|Katılmıyorum|Kararsızım|Katılıyorum|Kesinlikle Katılıyorum</options_tr>
    <reverse_scored>0</reverse_scored>
    <scoring_key/>
    <weight>1</weight>
    <notes/>
    <display_order/>
  </item>
  <item id="S1_AT_AVO1">
    <form>S1_self</form>
    <section>Attachment</section>
    <subscale>AVO</subscale>
    <text_tr>Duygularımı paylaşmakta zorlanırım.</text_tr>
    <type>Likert5</type>
    <options_tr>Kesinlikle Katılmıyorum|Katılmıyorum|Kararsızım|Katılıyorum|Kesinlikle Katılıyorum</options_tr>
    <reverse_scored>0</reverse_scored>
    <scoring_key/>
    <weight>1</weight>
    <notes/>
    <display_order/>
  </item>
  <item id="S1_AT_AVO2">
    <form>S1_self</form>
    <section>Attachment</section>
    <subscale>AVO</subscale>
    <text_tr>Yakınlık arttığında bir miktar geri çekilme ihtiyacı duyarım.</text_tr>
    <type>Likert5</type>
    <options_tr>Kesinlikle Katılmıyorum|Katılmıyorum|Kararsızım|Katılıyorum|Kesinlikle Katılıyorum</options_tr>
    <reverse_scored>0</reverse_scored>
    <scoring_key/>
    <weight>1</weight>
    <notes/>
    <display_order/>
  </item>
  <item id="S1_AT_AVO3">
    <form>S1_self</form>
    <section>Attachment</section>
    <subscale>AVO</subscale>
    <text_tr>Bağımsızlık alanım kısıtlanınca huzursuz olurum.</text_tr>
    <type>Likert5</type>
    <options_tr>Kesinlikle Katılmıyorum|Katılmıyorum|Kararsızım|Katılıyorum|Kesinlikle Katılıyorum</options_tr>
    <reverse_scored>0</reverse_scored>
    <scoring_key/>
    <weight>1</weight>
    <notes/>
    <display_order/>
  </item>
  <item id="S1_AT_AVO4">
    <form>S1_self</form>
    <section>Attachment</section>
    <subscale>AVO</subscale>
    <text_tr>Partnerimin duygusal ihtiyaçlarını karşılamak yorucu gelebilir.</text_tr>
    <type>Likert5</type>
    <options_tr>Kesinlikle Katılmıyorum|Katılmıyorum|Kararsızım|Katılıyorum|Kesinlikle Katılıyorum</options_tr>
    <reverse_scored>0</reverse_scored>
    <scoring_key/>
    <weight>1</weight>
    <notes/>
    <display_order/>
  </item>
  <item id="S1_AT_AVO5">
    <form>S1_self</form>
    <section>Attachment</section>
    <subscale>AVO</subscale>
    <text_tr>Problem olduğunda konuyu ertelemeyi tercih ederim.</text_tr>
    <type>Likert5</type>
    <options_tr>Kesinlikle Katılmıyorum|Katılmıyorum|Kararsızım|Katılıyorum|Kesinlikle Katılıyorum</options_tr>
    <reverse_scored>0</reverse_scored>
    <scoring_key/>
    <weight>1</weight>
    <notes/>
    <display_order/>
  </item>
  <item id="S1_AT_AVO6">
    <form>S1_self</form>
    <section>Attachment</section>
    <subscale>AVO</subscale>
    <text_tr>Kişisel alanımın korunması benim için çok önemlidir.</text_tr>
    <type>Likert5</type>
    <options_tr>Kesinlikle Katılmıyorum|Katılmıyorum|Kararsızım|Katılıyorum|Kesinlikle Katılıyorum</options_tr>
    <reverse_scored>0</reverse_scored>
    <scoring_key/>
    <weight>1</weight>
    <notes/>
    <display_order/>
  </item>
  <item id="S1_ERQ_REAPP1">
    <form>S1_self</form>
    <section>EmotionReg</section>
    <subscale>REAPP</subscale>
    <text_tr>Olumsuz bir olayı kafamda yeniden çerçevelemeye çalışırım.</text_tr>
    <type>Likert5</type>
    <options_tr>Kesinlikle Katılmıyorum|Katılmıyorum|Kararsızım|Katılıyorum|Kesinlikle Katılıyorum</options_tr>
    <reverse_scored>0</reverse_scored>
    <scoring_key/>
    <weight>1</weight>
    <notes>ERQ (yeniden değerlendirme) esinli</notes>
    <display_order/>
  </item>
  <item id="S1_TKI_1">
    <form>S1_self</form>
    <section>Conflict</section>
    <subscale>COMPETE</subscale>
    <text_tr>Evde ortak alanın dağınıklığı konusunda anlaşmazlık var; ilk eğiliminiz?</text_tr>
    <type>MultiChoice5</type>
    <options_tr>Bugünden itibaren net kurallar koyarım; uymayana açıkça uyarı yaparım.|Beraber kısa bir toplantı yapıp kural + görev paylaşımı oluşturmayı öneririm.|&quot;Bu hafta ben, gelecek hafta siz&quot; gibi orta yol teklif ederim.|Şimdilik açmam; uygun bir zamanda sakinleşince konuşmak isterim.|Sorun etmeyip ben toparlarım; siz nasıl rahatsanız öyle olsun.</options_tr>
    <reverse_scored>0</reverse_scored>
    <scoring_key>{&quot;Rekabet&quot;:&quot;COMPETE&quot;,&quot;İşbirliği&quot;:&quot;COLLAB&quot;,&quot;Uzlaşma&quot;:&quot;COMPROM&quot;,&quot;Kaçınma&quot;:&quot;AVOID&quot;,&quot;Uyum&quot;:&quot;ACCOM&quot;}</scoring_key>
    <weight>1</weight>
    <notes>Günlük yaşam SJT</notes>
    <display_order/>
  </item>
  <item id="S1_TKI_4">
    <form>S1_self</form>
    <section>Conflict</section>
    <subscale>AVOID</subscale>
    <text_tr>Kalabalıkta biri sıranızı kesti; tepkiniz?</text_tr>
    <type>MultiChoice5</type>
    <options_tr>Netçe uyarır, yerime dönmesini isterim.|Çevreyle birlikte sırayı düzenleyelim, kibarca kuralı hatırlatırım.|Aceleyse bu kez geçmesine izin verelim; sırayı birlikte netleştirelim.|Tartışmaya girmem; görmezden gelirim.|Rahatsız olsam da sıramı veririm, mesele büyümesin.</options_tr>
    <reverse_scored>0</reverse_scored>
    <scoring_key>{&quot;Rekabet&quot;:&quot;COMPETE&quot;,&quot;İşbirliği&quot;:&quot;COLLAB&quot;,&quot;Uzlaşma&quot;:&quot;COMPROM&quot;,&quot;Kaçınma&quot;:&quot;AVOID&quot;,&quot;Uyum&quot;:&quot;ACCOM&quot;}</scoring_key>
    <weight>1</weight>
    <notes/>
    <display_order/>
  </item>
  <item id="S1_TKI_5">
    <form>S1_self</form>
    <section>Conflict</section>
    <subscale>ACCOM</subscale>
    <text_tr>Yakınınız bir konuda duygusal olarak çok yoğun; yaklaşımınız?</text_tr>
    <type>MultiChoice5</type>
    <options_tr>Konuyu çözüme bağlamak için yönlendirir, somut adımlar belirlerim.|Hisleri ve ihtiyaçları birlikte konuşur, ortak plan çıkarırız.|Biraz konuşup orta noktada buluşalım, sonra kapatalım derim.|Şu an uygun değil; sakinleşince konuşalım derim.|Ne istiyorsa öyle yaparım; ona uyarım.</options_tr>
    <reverse_scored>0</reverse_scored>
    <scoring_key>{&quot;Rekabet&quot;:&quot;COMPETE&quot;,&quot;İşbirliği&quot;:&quot;COLLAB&quot;,&quot;Uzlaşma&quot;:&quot;COMPROM&quot;,&quot;Kaçınma&quot;:&quot;AVOID&quot;,&quot;Uyum&quot;:&quot;ACCOM&quot;}</scoring_key>
    <weight>1</weight>
    <notes/>
    <display_order/>
  </item>
  <item id="S1_TKI_7">
    <form>S1_self</form>
    <section>Conflict</section>
    <subscale>COMPETE</subscale>
    <text_tr>Bir konuda doğru olduğunuzdan eminsiniz ve kanıt elinizde; stratejiniz?</text_tr>
    <type>MultiChoice5</type>
    <options_tr>Kanıtları sunar, kararı netleştiririm.|Kanıtları paylaşıp birlikte değerlendirir, ortak karar alırız.|Zaman kaybetmemek için kısmi uzlaşma öneririm.|Tartışmayı uzatmam; konuyu büyütmeden geçerim.|Karşı tarafı kırmamak için kendi görüşümden vazgeçerim.</options_tr>
    <reverse_scored>0</reverse_scored>
    <scoring_key>{&quot;Rekabet&quot;:&quot;COMPETE&quot;,&quot;İşbirliği&quot;:&quot;COLLAB&quot;,&quot;Uzlaşma&quot;:&quot;COMPROM&quot;,&quot;Kaçınma&quot;:&quot;AVOID&quot;,&quot;Uyum&quot;:&quot;ACCOM&quot;}</scoring_key>
    <weight>1</weight>
    <notes/>
    <display_order/>
  </item>
  <item id="S1_ERQ_REAPP2">
    <form>S1_self</form>
    <section>EmotionReg</section>
    <subscale>REAPP</subscale>
    <text_tr>Zor bir durumda durumu farklı bakış açılarından görmeye çalışırım.</text_tr>
    <type>Likert5</type>
    <options_tr>Kesinlikle Katılmıyorum|Katılmıyorum|Kararsızım|Katılıyorum|Kesinlikle Katılıyorum</options_tr>
    <reverse_scored>0</reverse_scored>
    <scoring_key/>
    <weight>1</weight>
    <notes/>
    <display_order/>
  </item>
  <item id="S1_ERQ_SUPPR1">
    <form>S1_self</form>
    <section>EmotionReg</section>
    <subscale>SUPPR</subscale>
    <text_tr>Duygularımı dışa yansıtmamayı tercih ederim.</text_tr>
    <type>Likert5</type>
    <options_tr>Kesinlikle Katılmıyorum|Katılmıyorum|Kararsızım|Katılıyorum|Kesinlikle Katılıyorum</options_tr>
    <reverse_scored>0</reverse_scored>
    <scoring_key/>
    <weight>1</weight>
    <notes>ERQ (bastırma) esinli</notes>
    <display_order/>
  </item>
  <item id="S1_ERQ_SUPPR2">
    <form>S1_self</form>
    <section>EmotionReg</section>
    <subscale>SUPPR</subscale>
    <text_tr>Üzgün olsam bile yüzüme yansıtmam.</text_tr>
    <type>Likert5</type>
    <options_tr>Kesinlikle Katılmıyorum|Katılmıyorum|Kararsızım|Katılıyorum|Kesinlikle Katılıyorum</options_tr>
    <reverse_scored>0</reverse_scored>
    <scoring_key/>
    <weight>1</weight>
    <notes/>
    <display_order/>
  </item>
  <item id="S1_ERQ_SUPPR3">
    <form>S1_self</form>
    <section>EmotionReg</section>
    <subscale>SUPPR</subscale>
    <text_tr>Toplum içinde duygusal tepkilerimi bastırırım.</text_tr>
    <type>Likert5</type>
    <options_tr>Kesinlikle Katılmıyorum|Katılmıyorum|Kararsızım|Katılıyorum|Kesinlikle Katılıyorum</options_tr>
    <reverse_scored>0</reverse_scored>
    <scoring_key/>
    <weight>1</weight>
    <notes/>
    <display_order/>
  </item>
  <item id="S1_EMP_PT1">
    <form>S1_self</form>
    <section>Empathy</section>
    <subscale>PT</subscale>
    <text_tr>Birinin bakış açısını anlamak için aktif çaba gösteririm.</text_tr>
    <type>Likert5</type>
    <options_tr>Kesinlikle Katılmıyorum|Katılmıyorum|Kararsızım|Katılıyorum|Kesinlikle Katılıyorum</options_tr>
    <reverse_scored>0</reverse_scored>
    <scoring_key/>
    <weight>1</weight>
    <notes>IRI esinli</notes>
    <display_order/>
  </item>
  <item id="S1_EMP_PT2">
    <form>S1_self</form>
    <section>Empathy</section>
    <subscale>PT</subscale>
    <text_tr>Tartışmada karşı tarafın gerekçelerini anlamaya çalışırım.</text_tr>
    <type>Likert5</type>
    <options_tr>Kesinlikle Katılmıyorum|Katılmıyorum|Kararsızım|Katılıyorum|Kesinlikle Katılıyorum</options_tr>
    <reverse_scored>0</reverse_scored>
    <scoring_key/>
    <weight>1</weight>
    <notes/>
    <display_order/>
  </item>
  <item id="S1_EMP_EC1">
    <form>S1_self</form>
    <section>Empathy</section>
    <subscale>EC</subscale>
    <text_tr>Başkalarının acısı beni duygusal olarak etkiler.</text_tr>
    <type>Likert5</type>
    <options_tr>Kesinlikle Katılmıyorum|Katılmıyorum|Kararsızım|Katılıyorum|Kesinlikle Katılıyorum</options_tr>
    <reverse_scored>0</reverse_scored>
    <scoring_key/>
    <weight>1</weight>
    <notes/>
    <display_order/>
  </item>
  <item id="S1_EMP_EC2">
    <form>S1_self</form>
    <section>Empathy</section>
    <subscale>EC</subscale>
    <text_tr>Zor durumda olanlara karşı şefkat hissederim.</text_tr>
    <type>Likert5</type>
    <options_tr>Kesinlikle Katılmıyorum|Katılmıyorum|Kararsızım|Katılıyorum|Kesinlikle Katılıyorum</options_tr>
    <reverse_scored>0</reverse_scored>
    <scoring_key/>
    <weight>1</weight>
    <notes/>
    <display_order/>
  </item>
  <item id="S1_OE_STRENGTHS">
    <form>S1_self</form>
    <section>OpenEnded</section>
    <subscale>OE</subscale>
    <text_tr>Kendinizde en güçlü bulduğunuz 3 özelliği yazınız.</text_tr>
    <type>OpenText</type>
    <options_tr/>
    <reverse_scored>0</reverse_scored>
    <scoring_key/>
    <weight>1</weight>
    <notes/>
    <display_order/>
  </item>
  <item id="S1_OE_WEAK">
    <form>S1_self</form>
    <section>OpenEnded</section>
    <subscale>OE</subscale>
    <text_tr>Geliştirmek istediğiniz 3 alanı yazınız.</text_tr>
    <type>OpenText</type>
    <options_tr/>
    <reverse_scored>0</reverse_scored>
    <scoring_key/>
    <weight>1</weight>
    <notes/>
    <display_order/>
  </item>
  <item id="S1_OE_HAPPY">
    <form>S1_self</form>
    <section>LifeStory</section>
    <subscale>OpenEnded</subscale>
    <text_tr>En mutlu anılarınızdan 1–3 tanesini yazınız (her biri ayrı paragraf).</text_tr>
    <type>OpenText</type>
    <options_tr/>
    <reverse_scored>0</reverse_scored>
    <scoring_key/>
    <weight>1</weight>
    <notes>Opsiyonel</notes>
    <display_order/>
  </item>
  <item id="S1_OE_HARD">
    <form>S1_self</form>
    <section>LifeStory</section>
    <subscale>OpenEnded</subscale>
    <text_tr>En zor/kötü anılarınızdan 1–3 tanesini yazınız (her biri ayrı paragraf).</text_tr>
    <type>OpenText</type>
    <options_tr/>
    <reverse_scored>0</reverse_scored>
    <scoring_key/>
    <weight>1</weight>
    <notes>Opsiyonel; travmatik detay şart değil</notes>
    <display_order/>
  </item>
  <item id="S1_Q_CONS">
    <form>S1_self</form>
    <section>Quality</section>
    <subscale>CONS</subscale>
    <text_tr>Bu testte dürüst cevap verdiğime inanıyorum.</text_tr>
    <type>Likert5</type>
    <options_tr>Kesinlikle Katılmıyorum|Katılmıyorum|Kararsızım|Katılıyorum|Kesinlikle Katılıyorum</options_tr>
    <reverse_scored>0</reverse_scored>
    <scoring_key/>
    <weight>1</weight>
    <notes/>
    <display_order/>
  </item>
  <item id="S1_Q_SPEED">
    <form>S1_self</form>
    <section>Quality</section>
    <subscale>SPEED</subscale>
    <text_tr>Soruları acele etmeden yanıtladım.</text_tr>
    <type>Likert5</type>
    <options_tr>Kesinlikle Katılmıyorum|Katılmıyorum|Kararsızım|Katılıyorum|Kesinlikle Katılıyorum</options_tr>
    <reverse_scored>0</reverse_scored>
    <scoring_key/>
    <weight>1</weight>
    <notes>RT kalite ile birlikte kullanın</notes>
    <display_order/>
  </item>
  <item id="S1_Q_REPEAT">
    <form>S1_self</form>
    <section>Quality</section>
    <subscale>REPEAT</subscale>
    <text_tr>Benzer sorulara farklı cevap verdiğimi düşünüyorum.</text_tr>
    <type>Likert5</type>
    <options_tr>Kesinlikle Katılmıyorum|Katılmıyorum|Kararsızım|Katılıyorum|Kesinlikle Katılıyorum</options_tr>
    <reverse_scored>1</reverse_scored>
    <scoring_key/>
    <weight>1</weight>
    <notes>Tutarlılık</notes>
    <display_order/>
  </item>
  <item id="S1_Q_ATTN">
    <form>S1_self</form>
    <section>Quality</section>
    <subscale>IMC</subscale>
    <text_tr>Dikkat kontrolü: Lütfen bu madde için 'Katılıyorum' yani 4 nolu seçeneğini işaretleyiniz.</text_tr>
    <type>Likert5</type>
    <options_tr>Kesinlikle Katılmıyorum|Katılmıyorum|Kararsızım|Katılıyorum|Kesinlikle Katılıyorum</options_tr>
    <reverse_scored>0</reverse_scored>
    <scoring_key>{&quot;target&quot;:&quot;Katılıyorum&quot;}</scoring_key>
    <weight>1</weight>
    <notes>Instructional Manipulation Check</notes>
    <display_order/>
  </item>
  <item id="S1_DISC_SJT1">
    <form>S1_self</form>
    <section>DISC</section>
    <subscale>DISC</subscale>
    <text_tr>Evde acil karar gerektiren bir durum var (örn. su sızıntısı); ilk tutumunuz?</text_tr>
    <type>MultiChoice4</type>
    <options_tr>Ana vanayı kapatır, ustayı arar, gerekirse komşuyu bilgilendiririm.|Mahalle/WhatsApp grubunda yardım çağırır, çevreyi hızla organize ederim.|Evdeki herkesin sakin olduğundan emin olur, görevleri paylaşarak destek olurum.|Kaynağı kontrol eder, foto/video ile durumu belgeleyip sigorta/yönetimle prosedürü başlatırım.</options_tr>
    <reverse_scored>0</reverse_scored>
    <scoring_key/>
    <weight>1</weight>
    <notes/>
    <display_order>70</display_order>
  </item>
  <item id="S1_DISC_SJT3">
    <form>S1_self</form>
    <section>DISC</section>
    <subscale>DISC</subscale>
    <text_tr>Aldığınız üründe sorun çıktı; ilk odağınız?</text_tr>
    <type>MultiChoice4</type>
    <options_tr>Satıcıyla hemen iletişime geçip değişim/iade talep ederim.|Müşteri temsilcisiyle olumlu bir diyalog kurup çözümü hızlandırırım.|Yakın çevreme danışıp birlikte en pratik adımı atarım.|Fatura/garanti ve arıza notlarını toplayıp üretici kılavuzuna göre ilerlerim.</options_tr>
    <reverse_scored>0</reverse_scored>
    <scoring_key/>
    <weight>1</weight>
    <notes/>
    <display_order>72</display_order>
  </item>
  <item id="S1_DISC_SJT4">
    <form>S1_self</form>
    <section>DISC</section>
    <subscale>DISC</subscale>
    <text_tr>Plan dışı değişiklik talebi geldi (örn. tatil rotası); refleksiniz?</text_tr>
    <type>MultiChoice4</type>
    <options_tr>Yeni rotayı hızla belirleyip programa geçiririm.|Değişikliğin cazibesini anlatarak grubu ikna ederim.|Herkesin rahat edeceği orta yolu bulmak için öneri toplarım.|Alternatifleri süre/maliyet/riske göre kısa karşılaştırır, veriye dayalı öneri getiririm.</options_tr>
    <reverse_scored>0</reverse_scored>
    <scoring_key/>
    <weight>1</weight>
    <notes/>
    <display_order>73</display_order>
  </item>
  <item id="S1_DISC_SJT6">
    <form>S1_self</form>
    <section>DISC</section>
    <subscale>DISC</subscale>
    <text_tr>Yakın çevrede moral düşük (ör. arkadaş üzgün); ilk hamleniz?</text_tr>
    <type>MultiChoice4</type>
    <options_tr>Pratik çözüm seçenekleri çıkarır, küçük bir aksiyon planı yaparım.|Moral yükselten bir sohbet/aktivite organize ederim.|Yanında sakince bulunur, dinler ve duygusal destek veririm.|Durumu sistematik değerlendirir, uygun kaynak/uzman öneririm.</options_tr>
    <reverse_scored>0</reverse_scored>
    <scoring_key/>
    <weight>1</weight>
    <notes/>
    <display_order>75</display_order>
  </item>
  <item id="S1_DISC_SJT7">
    <form>S1_self</form>
    <section>DISC</section>
    <subscale>DISC</subscale>
    <text_tr>Aynı zamana denk gelen aile ve arkadaş planları çakıştı; yaklaşımınız?</text_tr>
    <type>MultiChoice4</type>
    <options_tr>Önceliklendirme yapar, net bir karar verip birini iptal ederim.|Herkese yazıp esnek, yeni ortak bir zaman bulmaya çalışırım.|Kimseyi kırmamak için kısa süreli/ardışık katılım planlarım.|Takvim/lojistik analiz yapar, en verimli seçeneği seçerim.</options_tr>
    <reverse_scored>0</reverse_scored>
    <scoring_key/>
    <weight>1</weight>
    <notes/>
    <display_order>76</display_order>
  </item>
  <item id="S1_DISC_SJT9">
    <form>S1_self</form>
    <section>DISC</section>
    <subscale>DISC</subscale>
    <text_tr>Komşudan gece geç saatte yüksek ses geliyor; ilk yaklaşımınız ne olur?</text_tr>
    <type>MultiChoice4</type>
    <options_tr>Kapısını çalar, netçe rahatsızlığı iletip sesin kısılmasını isterim.|Site/WhatsApp grubunda kibar bir mesajla konuyu anlatır, destek isterim.|Sabah uygun bir zamanda sakin bir dille konuşmayı teklif ederim.|Site kuralları/yönetmeliği kontrol edip uygun kanaldan resmi bildirim yaparım.</options_tr>
    <reverse_scored>0</reverse_scored>
    <scoring_key/>
    <weight>1</weight>
    <notes/>
    <display_order>78</display_order>
  </item>
  <item id="S1_DISC_SJT10">
    <form>S1_self</form>
    <section>DISC</section>
    <subscale>DISC</subscale>
    <text_tr>Ortak kullanılan ev/mutfakta bulaşıklar birikiyor; nasıl ilerlersiniz?</text_tr>
    <type>MultiChoice5</type>
    <options_tr>Bundan sonra kuralları ben koyarım; herkes uysun.|Birlikte küçük bir plan yapalım (takvim, görev paylaşımı).|Herkes biraz taviz versin; bugün ben hallederim, yarın siz.|Şimdilik görmezden gelelim; uygun zamanda konuşuruz.|Ben hallederim; siz nasıl rahatsanız öyle olsun.</options_tr>
    <reverse_scored>0</reverse_scored>
    <scoring_key/>
    <weight>1</weight>
    <notes/>
    <display_order>79</display_order>
  </item>
</items>
